Unique Id,Project Name,Project Address,System,Area,Project Number,Drawn By,Issued Date,Company,itm CID,Fitting Type,Service Type,Service,FAB Service Abbrv,Description (1),Description (2),Schedule/Rating,Alias,Manufacturer,Material Group,Material Data,Material Abbreviation,Size (inch),Size (dec),Inlet Diameter,Size Outlets,Size Branches,RFA Size,RFA Size (max),RFA Size (max dec),Length (ft),Length (dec ft),Quantity,Manufacturer Order Number,RFA Model Number,Spool Name,Spool Name (PiM),Entity Status,Shop Order Number,Item Number,Mark,Weight,Level,Category,Sub Type,Bernhard LB ID,JD Edwards ID,Hanger Diameter,Rod Diameter,Rod Diameter (dec),Rod Inset Depth,Rod Length,Rod Length (dec),Conn Type #1,Conn Type #2,Conn Type #3,Conn Type #4,Conn Type #5,Conn Type #6,Conn Type #7,Conn Type #8
237666ae-b89d-4571-bf0d-ccb06c53c266-0029890f,UNC Carrington Hall Phase 2,"120 Medical Drive, Chapel Hill, NC 27514",Condensate,"A, C,D",87400403,,,,2041,Straight,Drainage,AGM: Condensate Drain (CD),CD,,Pipe - Copper DWV,DWV,,Mueller,BIMrxDBS,Copper,Cu,1-1/2,1.5,"1 1/2""",1.5,,,,,"14' - 4 1/2""",14.3753,1,,,PLC-CD-06,PLC-CD-06,Spooled,12981,1,,11.63,PLAZA LEVEL,MEP Fabrication Pipework,,MDSK_MUE_000101-0002,,,,,,,,Mueller Copper Plain End (Pipe),Mueller Copper Plain End (Pipe),,,,,,
237666ae-b89d-4571-bf0d-ccb06c53c266-00298915,UNC Carrington Hall Phase 2,"120 Medical Drive, Chapel Hill, NC 27514",Condensate,"A, C,D",87400403,,,,2041,Straight,Drainage,AGM: Condensate Drain (CD),CD,,Pipe - Copper DWV,DWV,,Mueller,BIMrxDBS,Copper,Cu,1-1/2,1.5,"1 1/2""",1.5,,,,,"7' - 0 3/8""",7.0324,1,,,PLC-CD-02,PLC-CD-02,Spooled,12981,1,,5.69,PLAZA LEVEL,MEP Fabrication Pipework,,MDSK_MUE_000101-0002,,,,,,,,Mueller Copper Plain End (Pipe),Mueller Copper Plain End (Pipe),,,,,,
237666ae-b89d-4571-bf0d-ccb06c53c266-0029891b,UNC Carrington Hall Phase 2,"120 Medical Drive, Chapel Hill, NC 27514",Condensate,"A, C,D",87400403,,,,2041,Straight,Drainage,AGM: Condensate Drain (CD),CD,,Pipe - Copper DWV,DWV,,Mueller,BIMrxDBS,Copper,Cu,1-1/2,1.5,"1 1/2""",1.5,,,,,"11' - 11 5/8""",11.9661,1,,,PLD-CD-02,PLD-CD-02,Spooled,12981,1,,9.68,PLAZA LEVEL,MEP Fabrication Pipework,,MDSK_MUE_000101-0002,,,,,,,,Mueller Copper Plain End (Pipe),Mueller Copper Plain End (Pipe),,,,,,
237666ae-b89d-4571-bf0d-ccb06c53c266-0029891e,UNC Carrington Hall Phase 2,"120 Medical Drive, Chapel Hill, NC 27514",Condensate,"A, C,D",87400403,,,,2041,Straight,Drainage,AGM: Condensate Drain (CD),CD,,Pipe - Copper DWV,DWV,,Mueller,BIMrxDBS,Copper,Cu,1-1/2,1.5,"1 1/2""",1.5,,,,,"5' - 8 3/8""",5.7019,1,,,PLD-CD-03,PLD-CD-03,Spooled,12981,1,,4.61,PLAZA LEVEL,MEP Fabrication Pipework,,MDSK_MUE_000101-0002,,,,,,,,Mueller Copper Plain End (Pipe),Mueller Copper Plain End (Pipe),,,,,,
237666ae-b89d-4571-bf0d-ccb06c53c266-00298924,UNC Carrington Hall Phase 2,"120 Medical Drive, Chapel Hill, NC 27514",Condensate,"A, C,D",87400403,,,,2041,Straight,Drainage,AGM: Condensate Drain (CD),CD,,Pipe - Copper DWV,DWV,,Mueller,BIMrxDBS,Copper,Cu,1-1/2,1.5,"1 1/2""",1.5,,,,,"9' - 11 3/8""",9.9515,1,,,PLC-CD-08,PLC-CD-08,Spooled,12981,1,,8.05,PLAZA LEVEL,MEP Fabrication Pipework,,MDSK_MUE_000101-0002,,,,,,,,Mueller Copper Plain End (Pipe),Mueller Copper Plain End (Pipe),,,,,,
237666ae-b89d-4571-bf0d-ccb06c53c266-0029892d,UNC Carrington Hall Phase 2,"120 Medical Drive, Chapel Hill, NC 27514",Condensate,"A, C,D",87400403,,,,2041,Straight,Drainage,AGM: Condensate Drain (CD),CD,,Pipe - Copper DWV,DWV,,Mueller,BIMrxDBS,Copper,Cu,1-1/2,1.5,"1 1/2""",1.5,,,,,"10' - 7 1/8""",10.5947,1,,,PLC-CD-07,PLC-CD-07,Spooled,12981,1,,8.57,PLAZA LEVEL,MEP Fabrication Pipework,,MDSK_MUE_000101-0002,,,,,,,,Mueller Copper Plain End (Pipe),Mueller Copper Plain End (Pipe),,,,,,
237666ae-b89d-4571-bf0d-ccb06c53c266-00298b1a,UNC Carrington Hall Phase 2,"120 Medical Drive, Chapel Hill, NC 27514",Condensate,"A, C,D",87400403,,,,2523,Fitting,Drainage,AGM: Condensate Drain (CD),CD,,907 DWV 90 Elbow C x C - Wrot,DWV,90,Nibco,BIMrxDBS,Copper,Cu,1-1/2,1.5,"1 1/2""",1.5,,,,,,,1,,,PLD-CD-03,PLD-CD-03,Spooled,12981,2,,0.32,PLAZA LEVEL,MEP Fabrication Pipework,,MDSK_NIB_000051-0002,,,,,,,,Nibco Copper (DWV) Cup,Nibco Copper (DWV) Cup,,,,,,
acd491e1-b885-4972-b735-049e7ea592d7-002d5391,UNC Carrington Hall Phase 2,"120 Medical Drive, Chapel Hill, NC 27514",Condensate,"A, C,D",87400403,,,,2523,Fitting,Pipework,AGM: Condensate Drain (CD),CD,,606 45 Elbow C x C - Wrot,Wrot,45,Nibco,BIMrxDBS,Copper,Cu,3/4,0.75,"3/4""",0.75,,,,,,,1,,,PLA-CD-10,PLA-CD-10,Spooled,12981,3,,0.1,PLAZA LEVEL,MEP Fabrication Pipework,,MDSK_NIB_000066-0006,,,,,,,,Nibco Copper Cup,Nibco Copper Cup,,,,,,
7d930897-721f-4ac6-99a2-c4061f4caacf-002e4fcb,UNC Carrington Hall Phase 2,"120 Medical Drive, Chapel Hill, NC 27514",Condensate,"A, C,D",87400403,,,,2900,Fitting,Drainage,AGM: Condensate Drain (CD),CD,,911 DWV Tee C x C x C - Wrot,DWV,T,Nibco,BIMrxDBS,Copper,Cu,1-1/2,1.5,"1 1/2""",1.5,"1 1/2""",,,,,,1,,,PLC-CD-07,PLC-CD-07,Spooled,12981,2,,0.49,PLAZA LEVEL,MEP Fabrication Pipework,,MDSK_NIB_000054-0002,,,,,,,,Nibco Copper (DWV) Cup,Nibco Copper (DWV) Cup,Nibco Copper (DWV) Cup,,,,,
7d930897-721f-4ac6-99a2-c4061f4caacf-002e50b9,UNC Carrington Hall Phase 2,"120 Medical Drive, Chapel Hill, NC 27514",Condensate,"A, C,D",87400403,,,,2900,Fitting,Drainage,AGM: Condensate Drain (CD),CD,,911 DWV Tee C x C x C - Wrot,DWV,T,Nibco,BIMrxDBS,Copper,Cu,1-1/2,1.5,"1 1/2""",1.5,"1 1/2""",,,,,,1,,,PLC-CD-02,PLC-CD-02,Spooled,12981,4,,0.49,PLAZA LEVEL,MEP Fabrication Pipework,,MDSK_NIB_000054-0002,,,,,,,,Nibco Copper (DWV) Cup,Nibco Copper (DWV) Cup,Nibco Copper (DWV) Cup,,,,,
7d930897-721f-4ac6-99a2-c4061f4caacf-002e50bc,UNC Carrington Hall Phase 2,"120 Medical Drive, Chapel Hill, NC 27514",Condensate,"A, C,D",87400403,,,,2041,Straight,Drainage,AGM: Condensate Drain (CD),CD,,Pipe - Copper DWV,DWV,,Mueller,BIMrxDBS,Copper,Cu,1-1/2,1.5,"1 1/2""",1.5,,,,,"3' - 2 5/8""",3.2195,1,,,PLC-CD-02,PLC-CD-02,Spooled,12981,2,,2.6,PLAZA LEVEL,MEP Fabrication Pipework,,MDSK_MUE_000101-0002,,,,,,,,Mueller Copper Plain End (Pipe),Mueller Copper Plain End (Pipe),,,,,,
e8a53a3a-6131-4f99-ad98-2299de1c717f-0039d833,UNC Carrington Hall Phase 2,"120 Medical Drive, Chapel Hill, NC 27514",Condensate,"A, C,D",87400403,,,,2523,Fitting,Drainage,AGM: Condensate Drain (CD),CD,,907 DWV 90 Elbow C x C - Wrot,DWV,90,Nibco,BIMrxDBS,Copper,Cu,1-1/4,1.25,"1 1/4""",1.25,,,,,,,1,,,PLA-CD-01,PLA-CD-01,Spooled,12981,2,,0.18,PLAZA LEVEL,MEP Fabrication Pipework,,MDSK_NIB_000051-0001,,,,,,,,Nibco Copper (DWV) Cup,Nibco Copper (DWV) Cup,,,,,,
dbd99e9a-ef70-4eb2-a4c4-46c949251837-003a5963,UNC Carrington Hall Phase 2,"120 Medical Drive, Chapel Hill, NC 27514",Condensate,"A, C,D",87400403,,,,2041,Straight,Drainage,AGM: Condensate Drain (CD),CD,,Pipe - Copper DWV,DWV,,Mueller,BIMrxDBS,Copper,Cu,1-1/2,1.5,"1 1/2""",1.5,,,,,"3' - 5""",3.4117,1,,,PLC-CD-01,PLC-CD-01,Spooled,12981,1,,2.76,PLAZA LEVEL,MEP Fabrication Pipework,,MDSK_MUE_000101-0002,,,,,,,,Mueller Copper Plain End (Pipe),Mueller Copper Plain End (Pipe),,,,,,
dbd99e9a-ef70-4eb2-a4c4-46c949251837-003a5d5b,UNC Carrington Hall Phase 2,"120 Medical Drive, Chapel Hill, NC 27514",Condensate,"A, C,D",87400403,,,,2523,Fitting,Drainage,AGM: Condensate Drain (CD),CD,,906 DWV 45 Elbow C x C - Wrot,DWV,45,Nibco,BIMrxDBS,Copper,Cu,1-1/2,1.5,"1 1/2""",1.5,,,,,,,1,,,PLC-CD-01,PLC-CD-01,Spooled,12981,3,,0.21,PLAZA LEVEL,MEP Fabrication Pipework,,MDSK_NIB_000049-0002,,,,,,,,Nibco Copper (DWV) Cup,Nibco Copper (DWV) Cup,,,,,,
dbd99e9a-ef70-4eb2-a4c4-46c949251837-003a5dce,UNC Carrington Hall Phase 2,"120 Medical Drive, Chapel Hill, NC 27514",Condensate,"A, C,D",87400403,,,,2041,Straight,Pipework,AGM: Condensate Drain (CD),CD,,Pipe - B88 Copper Type M,Type M,,(Generic),BIMrxDBS,Copper,Cu,1-1/2,1.5,"1 1/2""",1.5,,,,,"2' - 8 1/2""",2.7052,1,,,PLC-CD-01,PLC-CD-01,Spooled,12981,2,,2.54,PLAZA LEVEL,MEP Fabrication Pipework,,MDSK_GEN_000402-0006,,,,,,,,Generic Copper Plain End (Pipe),Generic Copper Plain End (Pipe),,,,,,
dbd99e9a-ef70-4eb2-a4c4-46c949251837-003a5de6,UNC Carrington Hall Phase 2,"120 Medical Drive, Chapel Hill, NC 27514",Condensate,"A, C,D",87400403,,,,2523,Fitting,Drainage,AGM: Condensate Drain (CD),CD,,906 DWV 45 Elbow C x C - Wrot,DWV,45,Nibco,BIMrxDBS,Copper,Cu,1-1/2,1.5,"1 1/2""",1.5,,,,,,,1,,,PLC-CD-01,PLC-CD-01,Spooled,12981,3,,0.21,PLAZA LEVEL,MEP Fabrication Pipework,,MDSK_NIB_000049-0002,,,,,,,,Nibco Copper (DWV) Cup,Nibco Copper (DWV) Cup,,,,,,
65aed96e-d8a7-4ccf-98fd-fbdea0cdd39b-003a60c3,UNC Carrington Hall Phase 2,"120 Medical Drive, Chapel Hill, NC 27514",Condensate,"A, C,D",87400403,,,,2041,Straight,Pipework,AGM: Condensate Drain (CD),CD,,Pipe - B88 Copper Type M,Type M,,(Generic),BIMrxDBS,Copper,Cu,1-1/2,1.5,"1 1/2""",1.5,,,,,"0' - 2 5/8""",0.2213,1,,,PLC-CD-02,PLC-CD-02,Spooled,12981,3,,0.21,PLAZA LEVEL,MEP Fabrication Pipework,,MDSK_GEN_000402-0006,,,,,,,,Generic Copper Plain End (Pipe),Generic Copper Plain End (Pipe),,,,,,
65aed96e-d8a7-4ccf-98fd-fbdea0cdd39b-003a60da,UNC Carrington Hall Phase 2,"120 Medical Drive, Chapel Hill, NC 27514",Condensate,"A, C,D",87400403,,,,2523,Fitting,Drainage,AGM: Condensate Drain (CD),CD,,906 DWV 45 Elbow C x C - Wrot,DWV,45,Nibco,BIMrxDBS,Copper,Cu,1-1/2,1.5,"1 1/2""",1.5,,,,,,,1,,,PLC-CD-02,PLC-CD-02,Spooled,12981,5,,0.21,PLAZA LEVEL,MEP Fabrication Pipework,,MDSK_NIB_000049-0002,,,,,,,,Nibco Copper (DWV) Cup,Nibco Copper (DWV) Cup,,,,,,
0f74580a-526d-4be2-bbf1-94bf81eea1c4-003e17ef,UNC Carrington Hall Phase 2,"120 Medical Drive, Chapel Hill, NC 27514",Condensate,"A, C,D",87400403,,,,2041,Straight,Drainage,AGM: Condensate Drain (CD),CD,,Pipe - Copper DWV,DWV,,Mueller,BIMrxDBS,Copper,Cu,1-1/2,1.5,"1 1/2""",1.5,,,,,"2' - 4 1/4""",2.3551,1,,,PLD-CD-05,PLD-CD-05,Spooled,12981,1,,1.91,PLAZA LEVEL,MEP Fabrication Pipework,,MDSK_MUE_000101-0002,,,,,,,,Mueller Copper Plain End (Pipe),Mueller Copper Plain End (Pipe),,,,,,
0f74580a-526d-4be2-bbf1-94bf81eea1c4-003e18eb,UNC Carrington Hall Phase 2,"120 Medical Drive, Chapel Hill, NC 27514",Condensate,"A, C,D",87400403,,,,2523,Fitting,Drainage,AGM: Condensate Drain (CD),CD,,907 DWV 90 Elbow C x C - Wrot,DWV,90,Nibco,BIMrxDBS,Copper,Cu,1-1/2,1.5,"1 1/2""",1.5,,,,,,,1,,,PLD-CD-04,PLD-CD-04,Spooled,12981,2,,0.32,PLAZA LEVEL,MEP Fabrication Pipework,,MDSK_NIB_000051-0002,,,,,,,,Nibco Copper (DWV) Cup,Nibco Copper (DWV) Cup,,,,,,
0f74580a-526d-4be2-bbf1-94bf81eea1c4-003e18ff,UNC Carrington Hall Phase 2,"120 Medical Drive, Chapel Hill, NC 27514",Condensate,"A, C,D",87400403,,,,2523,Fitting,Drainage,AGM: Condensate Drain (CD),CD,,907 DWV 90 Elbow C x C - Wrot,DWV,90,Nibco,BIMrxDBS,Copper,Cu,1-1/2,1.5,"1 1/2""",1.5,,,,,,,1,,,PLD-CD-05,PLD-CD-05,Spooled,12981,2,,0.32,PLAZA LEVEL,MEP Fabrication Pipework,,MDSK_NIB_000051-0002,,,,,,,,Nibco Copper (DWV) Cup,Nibco Copper (DWV) Cup,,,,,,
0f74580a-526d-4be2-bbf1-94bf81eea1c4-003e1947,UNC Carrington Hall Phase 2,"120 Medical Drive, Chapel Hill, NC 27514",Condensate,"A, C,D",87400403,,,,2041,Straight,Drainage,AGM: Condensate Drain (CD),CD,,Pipe - Copper DWV,DWV,,Mueller,BIMrxDBS,Copper,Cu,1-1/2,1.5,"1 1/2""",1.5,,,,,"1' - 4 7/8""",1.4062,1,,,PLD-CD-04,PLD-CD-04,Spooled,12981,1,,1.14,PLAZA LEVEL,MEP Fabrication Pipework,,MDSK_MUE_000101-0002,,,,,,,,Mueller Copper Plain End (Pipe),Mueller Copper Plain End (Pipe),,,,,,
0f74580a-526d-4be2-bbf1-94bf81eea1c4-003e1a7f,UNC Carrington Hall Phase 2,"120 Medical Drive, Chapel Hill, NC 27514",Condensate,"A, C,D",87400403,,,,2041,Straight,Drainage,AGM: Condensate Drain (CD),CD,,Pipe - Copper DWV,DWV,,Mueller,BIMrxDBS,Copper,Cu,1-1/2,1.5,"1 1/2""",1.5,,,,,"0' - 5 1/2""",0.4583,1,,,PLD-CD-02,PLD-CD-02,Spooled,12981,2,,0.37,PLAZA LEVEL,MEP Fabrication Pipework,,MDSK_MUE_000101-0002,,,,,,,,Mueller Copper Plain End (Pipe),Mueller Copper Plain End (Pipe),,,,,,
0f74580a-526d-4be2-bbf1-94bf81eea1c4-003e1a95,UNC Carrington Hall Phase 2,"120 Medical Drive, Chapel Hill, NC 27514",Condensate,"A, C,D",87400403,,,,2523,Fitting,Drainage,AGM: Condensate Drain (CD),CD,,907 DWV 90 Elbow C x C - Wrot,DWV,90,Nibco,BIMrxDBS,Copper,Cu,1-1/2,1.5,"1 1/2""",1.5,,,,,,,1,,,PLD-CD-02,PLD-CD-02,Spooled,12981,3,,0.32,PLAZA LEVEL,MEP Fabrication Pipework,,MDSK_NIB_000051-0002,,,,,,,,Nibco Copper (DWV) Cup,Nibco Copper (DWV) Cup,,,,,,
3ccbd990-10d8-428a-b07b-f3acca3c5d24-005790f2,UNC Carrington Hall Phase 2,"120 Medical Drive, Chapel Hill, NC 27514",Condensate,"A, C,D",87400403,,,,2160,Fitting,Pipework,AGM: Condensate Drain (CD),CD,,611 Tee C x C x C - Wrot,Wrot,T,Nibco,BIMrxDBS,Copper,Cu,3/4,0.75,"3/4""",0.75,"3/4""",,,,,,1,,,PLA-CD-08,PLA-CD-08,Spooled,12981,2,,0.16,PLAZA LEVEL,MEP Fabrication Pipework,,MDSK_NIB_000076-0042,,,,,,,,Nibco Copper Cup,Nibco Copper Cup,Nibco Copper Cup,,,,,
3ccbd990-10d8-428a-b07b-f3acca3c5d24-00579249,UNC Carrington Hall Phase 2,"120 Medical Drive, Chapel Hill, NC 27514",Condensate,"A, C,D",87400403,,,,2522,Fitting,Pipework,AGM: Condensate Drain (CD),CD,,603-2 Fitting Adapter Ftg x F - Wrot,Wrot,,Nibco,BIMrxDBS,Copper,Cu,3/4,0.75,"3/4""",0.75,,,,,,,1,,,PLA-CD-08,PLA-CD-08,Spooled,12981,3,,0.13,PLAZA LEVEL,MEP Fabrication Pipework,,MDSK_NIB_000063-0005,,,,,,,,Nibco Copper FPT (Hex),Nibco Copper Plain End,,,,,,
3ccbd990-10d8-428a-b07b-f3acca3c5d24-00579266,UNC Carrington Hall Phase 2,"120 Medical Drive, Chapel Hill, NC 27514",Condensate,"A, C,D",87400403,,,,2060,Fitting,Joint,AGM: Condensate Drain (CD),CD,,Threaded Joint,Standard,,Joint,BIMrxDBS,Copper,Cu,3/4,0.75,"3/4""",0.75,,,,,,,1,,,PLA-CD-08,PLA-CD-08,Spooled,12981,4,,0.08,PLAZA LEVEL,MEP Fabrication Pipework,,MDSK_NIB_000321-0001,,,,,,,,Nibco PVC (DWV) MPT,,,,,,,
3ccbd990-10d8-428a-b07b-f3acca3c5d24-0057926a,UNC Carrington Hall Phase 2,"120 Medical Drive, Chapel Hill, NC 27514",Condensate,"A, C,D",87400403,,,,2522,Fitting,Joint,AGM: Condensate Drain (CD),CD,,Threaded Joint,Standard,,Joint,BIMrxDBS,Carbon Steel,CS,3/4,0.75,"3/4""",0.75,,,,,,,1,,,PLA-CD-08,PLA-CD-08,Spooled,12981,,,,PLAZA LEVEL,MEP Fabrication Pipework,,MDSK_JOINT_000041-0005,,,,,,,,Generic Threaded Joint (C1) (Male),Generic Threaded Joint (C2) (Female),,,,,,
8ba1ce2a-f395-4c11-a8a2-e2bafdf840d3-0057bb51,UNC Carrington Hall Phase 2,"120 Medical Drive, Chapel Hill, NC 27514",Condensate,"A, C,D",87400403,,,,2041,Straight,Drainage,AGM: Condensate Drain (CD),CD,,Pipe - Copper DWV,DWV,,Mueller,BIMrxDBS,Copper,Cu,1-1/2,1.5,"1 1/2""",1.5,,,,,"11' - 3 1/8""",11.2641,1,,,PLD-CD-01,PLD-CD-01,Spooled,12981,1,,9.11,PLAZA LEVEL,MEP Fabrication Pipework,,MDSK_MUE_000101-0002,,,,,,,,Mueller Copper Plain End (Pipe),Mueller Copper Plain End (Pipe),,,,,,
8ba1ce2a-f395-4c11-a8a2-e2bafdf840d3-0057bbfb,UNC Carrington Hall Phase 2,"120 Medical Drive, Chapel Hill, NC 27514",Condensate,"A, C,D",87400403,,,,2900,Fitting,Drainage,AGM: Condensate Drain (CD),CD,,911 DWV Tee C x C x C - Wrot,DWV,T,Nibco,BIMrxDBS,Copper,Cu,1-1/2,1.5,"1 1/2""",1.5,"1 1/2""",,,,,,1,,,PLD-CD-01,PLD-CD-01,Spooled,12981,2,,0.49,PLAZA LEVEL,MEP Fabrication Pipework,,MDSK_NIB_000054-0002,,,,,,,,Nibco Copper (DWV) Cup,Nibco Copper (DWV) Cup,Nibco Copper (DWV) Cup,,,,,
8ba1ce2a-f395-4c11-a8a2-e2bafdf840d3-0057bc5b,UNC Carrington Hall Phase 2,"120 Medical Drive, Chapel Hill, NC 27514",Condensate,"A, C,D",87400403,,,,2522,Fitting,Drainage,AGM: Condensate Drain (CD),CD,,816 - Cleanout w Plug C - Cast,DWV,,Nibco,BIMrxDBS,Copper,Cu,1-1/2,1.5,"1 1/2""",1.5,,,,,,,1,,,PLD-CD-01,PLD-CD-01,Spooled,12981,3,,0.59,PLAZA LEVEL,MEP Fabrication Pipework,,MDSK_NIB_000320-0002,,,,,,,,Nibco Copper Plain End,Nibco Copper (Cast) Blank (Plug Square End),,,,,,
8ba1ce2a-f395-4c11-a8a2-e2bafdf840d3-0057c022,UNC Carrington Hall Phase 2,"120 Medical Drive, Chapel Hill, NC 27514",Condensate,"A, C,D",87400403,,,,2900,Fitting,Drainage,AGM: Condensate Drain (CD),CD,,911 DWV Tee C x C x C - Wrot,DWV,T,Nibco,BIMrxDBS,Copper,Cu,1-1/2,1.5,"1 1/2""",1.5,"1 1/2""",,,,,,1,,,PLC-CD-06,PLC-CD-06,Spooled,12981,2,,0.49,PLAZA LEVEL,MEP Fabrication Pipework,,MDSK_NIB_000054-0002,,,,,,,,Nibco Copper (DWV) Cup,Nibco Copper (DWV) Cup,Nibco Copper (DWV) Cup,,,,,
8ba1ce2a-f395-4c11-a8a2-e2bafdf840d3-0057c096,UNC Carrington Hall Phase 2,"120 Medical Drive, Chapel Hill, NC 27514",Condensate,"A, C,D",87400403,,,,2522,Fitting,Drainage,AGM: Condensate Drain (CD),CD,,816 - Cleanout w Plug C - Cast,DWV,,Nibco,BIMrxDBS,Copper,Cu,1-1/2,1.5,"1 1/2""",1.5,,,,,,,1,,,PLC-CD-06,PLC-CD-06,Spooled,12981,3,,0.59,PLAZA LEVEL,MEP Fabrication Pipework,,MDSK_NIB_000320-0002,,,,,,,,Nibco Copper (Cast) Blank (Plug Square End),Nibco Copper Plain End,,,,,,
8ba1ce2a-f395-4c11-a8a2-e2bafdf840d3-0057c0da,UNC Carrington Hall Phase 2,"120 Medical Drive, Chapel Hill, NC 27514",Condensate,"A, C,D",87400403,,,,2900,Fitting,Drainage,AGM: Condensate Drain (CD),CD,,911 DWV Tee C x C x C - Wrot,DWV,T,Nibco,BIMrxDBS,Copper,Cu,1-1/2,1.5,"1 1/2""",1.5,"1 1/2""",,,,,,1,,,PLC-CD-02,PLC-CD-02,Spooled,12981,4,,0.49,PLAZA LEVEL,MEP Fabrication Pipework,,MDSK_NIB_000054-0002,,,,,,,,Nibco Copper (DWV) Cup,Nibco Copper (DWV) Cup,Nibco Copper (DWV) Cup,,,,,
8ba1ce2a-f395-4c11-a8a2-e2bafdf840d3-0057c152,UNC Carrington Hall Phase 2,"120 Medical Drive, Chapel Hill, NC 27514",Condensate,"A, C,D",87400403,,,,2522,Fitting,Drainage,AGM: Condensate Drain (CD),CD,,816 - Cleanout w Plug C - Cast,DWV,,Nibco,BIMrxDBS,Copper,Cu,1-1/2,1.5,"1 1/2""",1.5,,,,,,,1,,,PLC-CD-02,PLC-CD-02,Spooled,12981,6,,0.59,PLAZA LEVEL,MEP Fabrication Pipework,,MDSK_NIB_000320-0002,,,,,,,,Nibco Copper Plain End,Nibco Copper (Cast) Blank (Plug Square End),,,,,,
d7aae066-93ad-4262-9398-c70251b7b472-005a2844,UNC Carrington Hall Phase 2,"120 Medical Drive, Chapel Hill, NC 27514",Condensate,"A, C,D",87400403,,,,2041,Straight,Pipework,AGM: Condensate Drain (CD),CD,,Pipe - B88 Copper Type M,Type M,,(Generic),BIMrxDBS,Copper,Cu,3/4,0.75,"3/4""",0.75,,,,,"7' - 1 1/2""",7.1209,1,,,PLA-CD-10,PLA-CD-10,Spooled,12981,1,,2.34,PLAZA LEVEL,MEP Fabrication Pipework,,MDSK_GEN_000402-0003,,,,,,,,Generic Copper Plain End (Pipe),Generic Copper Plain End (Pipe),,,,,,
d7aae066-93ad-4262-9398-c70251b7b472-005a28a4,UNC Carrington Hall Phase 2,"120 Medical Drive, Chapel Hill, NC 27514",Condensate,"A, C,D",87400403,,,,2522,Fitting,Joint,AGM: Condensate Drain (CD),CD,,Soldered Joint,Wrot,,Joint,BIMrxDBS,Copper,Cu,3/4,0.75,"3/4""",0.75,,,,,,,1,,,PLA-CD-10,PLA-CD-10,Spooled,12981,,,,PLAZA LEVEL,MEP Fabrication Pipework,,MDSK_JOINT_000036-0005,,,,,,,,Generic Soldered Joint (C1) (Male),Generic Soldered Joint (C2) (Female),,,,,,
d7aae066-93ad-4262-9398-c70251b7b472-005a293b,UNC Carrington Hall Phase 2,"120 Medical Drive, Chapel Hill, NC 27514",Condensate,"A, C,D",87400403,,,,2041,Straight,Pipework,AGM: Condensate Drain (CD),CD,,Pipe - B88 Copper Type M,Type M,,(Generic),BIMrxDBS,Copper,Cu,3/4,0.75,"3/4""",0.75,,,,,"0' - 10 3/4""",0.8937,1,,,PLA-CD-10,PLA-CD-10,Spooled,12981,2,,0.29,PLAZA LEVEL,MEP Fabrication Pipework,,MDSK_GEN_000402-0003,,,,,,,,Generic Copper Plain End (Pipe),Generic Copper Plain End (Pipe),,,,,,
d7aae066-93ad-4262-9398-c70251b7b472-005a2957,UNC Carrington Hall Phase 2,"120 Medical Drive, Chapel Hill, NC 27514",Condensate,"A, C,D",87400403,,,,2522,Fitting,Joint,AGM: Condensate Drain (CD),CD,,Soldered Joint,Wrot,,Joint,BIMrxDBS,Copper,Cu,3/4,0.75,"3/4""",0.75,,,,,,,1,,,PLA-CD-10,PLA-CD-10,Spooled,12981,,,,PLAZA LEVEL,MEP Fabrication Pipework,,MDSK_JOINT_000036-0005,,,,,,,,Generic Soldered Joint (C1) (Male),Generic Soldered Joint (C2) (Female),,,,,,
d7aae066-93ad-4262-9398-c70251b7b472-005a2a59,UNC Carrington Hall Phase 2,"120 Medical Drive, Chapel Hill, NC 27514",Condensate,"A, C,D",87400403,,,,2041,Straight,Pipework,AGM: Condensate Drain (CD),CD,,Pipe - B88 Copper Type M,Type M,,(Generic),BIMrxDBS,Copper,Cu,3/4,0.75,"3/4""",0.75,,,,,"0' - 11 1/4""",0.9403,1,,,PLA-CD-08,PLA-CD-08,Spooled,12981,1,,0.31,PLAZA LEVEL,MEP Fabrication Pipework,,MDSK_GEN_000402-0003,,,,,,,,Generic Copper Plain End (Pipe),Generic Copper Plain End (Pipe),,,,,,
7abcb650-3317-42ae-96f0-d97d4a69d249-005a6204,UNC Carrington Hall Phase 2,"120 Medical Drive, Chapel Hill, NC 27514",Condensate,"A, C,D",87400403,,,,2041,Straight,Pipework,AGM: Condensate Drain (CD),CD,,Pipe - B88 Copper Type M,Type M,,(Generic),BIMrxDBS,Copper,Cu,3/4,0.75,"3/4""",0.75,,,,,"8' - 11""",8.9167,1,,,PLA-CD-09,PLA-CD-09,Spooled,12981,1,,2.92,PLAZA LEVEL,MEP Fabrication Pipework,,MDSK_GEN_000402-0003,,,,,,,,Generic Copper Plain End (Pipe),Generic Copper Plain End (Pipe),,,,,,
85429ca3-4bcc-4f41-ae37-9a1d05de520c-005a6f78,UNC Carrington Hall Phase 2,"120 Medical Drive, Chapel Hill, NC 27514",Condensate,"A, C,D",87400403,,,,2160,Fitting,Pipework,AGM: Condensate Drain (CD),CD,,611 Tee C x C x C - Wrot,Wrot,T,Nibco,BIMrxDBS,Copper,Cu,3/4,0.75,"3/4""",0.75,"3/4""",,,,,,1,,,PLA-CD-08,PLA-CD-08,Spooled,12981,2,,0.16,PLAZA LEVEL,MEP Fabrication Pipework,,MDSK_NIB_000076-0042,,,,,,,,Nibco Copper Cup,Nibco Copper Cup,Nibco Copper Cup,,,,,
85429ca3-4bcc-4f41-ae37-9a1d05de520c-005a6f84,UNC Carrington Hall Phase 2,"120 Medical Drive, Chapel Hill, NC 27514",Condensate,"A, C,D",87400403,,,,2522,Fitting,Joint,AGM: Condensate Drain (CD),CD,,Soldered Joint,Wrot,,Joint,BIMrxDBS,Copper,Cu,3/4,0.75,"3/4""",0.75,,,,,,,1,,,PLA-CD-08,PLA-CD-08,Spooled,12981,,,,PLAZA LEVEL,MEP Fabrication Pipework,,MDSK_JOINT_000036-0005,,,,,,,,Generic Soldered Joint (C2) (Female),Generic Soldered Joint (C1) (Male),,,,,,
85429ca3-4bcc-4f41-ae37-9a1d05de520c-005a7048,UNC Carrington Hall Phase 2,"120 Medical Drive, Chapel Hill, NC 27514",Condensate,"A, C,D",87400403,,,,2522,Fitting,Joint,AGM: Condensate Drain (CD),CD,,Soldered Joint,Wrot,,Joint,BIMrxDBS,Copper,Cu,3/4,0.75,"3/4""",0.75,,,,,,,1,,,,,Spooled,12981,,,,PLAZA LEVEL,MEP Fabrication Pipework,,MDSK_JOINT_000036-0005,,,,,,,,Generic Soldered Joint (C2) (Female),Generic Soldered Joint (C1) (Male),,,,,,
85429ca3-4bcc-4f41-ae37-9a1d05de520c-005a704f,UNC Carrington Hall Phase 2,"120 Medical Drive, Chapel Hill, NC 27514",Condensate,"A, C,D",87400403,,,,2041,Straight,Pipework,AGM: Condensate Drain (CD),CD,,Pipe - B88 Copper Type M,Type M,,(Generic),BIMrxDBS,Copper,Cu,3/4,0.75,"3/4""",0.75,,,,,"20' - 0""",20,1,,,PLA-CD-07,PLA-CD-07,Spooled,12981,1,,6.56,PLAZA LEVEL,MEP Fabrication Pipework,,MDSK_GEN_000402-0003,,,,,,,,Generic Copper Plain End (Pipe),Generic Copper Plain End (Pipe),,,,,,
85429ca3-4bcc-4f41-ae37-9a1d05de520c-005a705f,UNC Carrington Hall Phase 2,"120 Medical Drive, Chapel Hill, NC 27514",Condensate,"A, C,D",87400403,,,,2522,Fitting,Joint,AGM: Condensate Drain (CD),CD,,Soldered Joint,Wrot,,Joint,BIMrxDBS,Copper,Cu,3/4,0.75,"3/4""",0.75,,,,,,,1,,,,,Spooled,12981,,,,PLAZA LEVEL,MEP Fabrication Pipework,,MDSK_JOINT_000036-0005,,,,,,,,Generic Soldered Joint (C2) (Female),Generic Soldered Joint (C1) (Male),,,,,,
85429ca3-4bcc-4f41-ae37-9a1d05de520c-005a7109,UNC Carrington Hall Phase 2,"120 Medical Drive, Chapel Hill, NC 27514",Condensate,"A, C,D",87400403,,,,2041,Straight,Drainage,AGM: Condensate Drain (CD),CD,,Pipe - Copper DWV,DWV,,Mueller,BIMrxDBS,Copper,Cu,1-1/4,1.25,"1 1/4""",1.25,,,,,"2' - 7 1/4""",2.6087,1,,,PLA-CD-05,PLA-CD-05,Spooled,12981,1,,1.7,PLAZA LEVEL,MEP Fabrication Pipework,,MDSK_MUE_000101-0001,,,,,,,,Mueller Copper Plain End (Pipe),Mueller Copper Plain End (Pipe),,,,,,
85429ca3-4bcc-4f41-ae37-9a1d05de520c-005a751f,UNC Carrington Hall Phase 2,"120 Medical Drive, Chapel Hill, NC 27514",Condensate,"A, C,D",87400403,,,,2522,Fitting,Joint,AGM: Condensate Drain (CD),CD,,Soldered Joint,Wrot,,Joint,BIMrxDBS,Copper,Cu,1-1/2,1.5,"1 1/2""",1.5,,,,,,,1,,,PLD-CD-05,PLD-CD-05,Spooled,12981,,,,PLAZA LEVEL,MEP Fabrication Pipework,,MDSK_JOINT_000036-0008,,,,,,,,Generic Soldered Joint (C1) (Male),Generic Soldered Joint (C2) (Female),,,,,,
85429ca3-4bcc-4f41-ae37-9a1d05de520c-005a7552,UNC Carrington Hall Phase 2,"120 Medical Drive, Chapel Hill, NC 27514",Condensate,"A, C,D",87400403,,,,2522,Fitting,Joint,AGM: Condensate Drain (CD),CD,,Soldered Joint,Wrot,,Joint,BIMrxDBS,Copper,Cu,1-1/2,1.5,"1 1/2""",1.5,,,,,,,1,,,,,Spooled,12981,,,,PLAZA LEVEL,MEP Fabrication Pipework,,MDSK_JOINT_000036-0008,,,,,,,,Generic Soldered Joint (C1) (Male),Generic Soldered Joint (C2) (Female),,,,,,
85429ca3-4bcc-4f41-ae37-9a1d05de520c-005a7563,UNC Carrington Hall Phase 2,"120 Medical Drive, Chapel Hill, NC 27514",Condensate,"A, C,D",87400403,,,,2522,Fitting,Joint,AGM: Condensate Drain (CD),CD,,Soldered Joint,Wrot,,Joint,BIMrxDBS,Copper,Cu,1-1/2,1.5,"1 1/2""",1.5,,,,,,,1,,,PLD-CD-04,PLD-CD-04,Spooled,12981,,,,PLAZA LEVEL,MEP Fabrication Pipework,,MDSK_JOINT_000036-0008,,,,,,,,Generic Soldered Joint (C1) (Male),Generic Soldered Joint (C2) (Female),,,,,,
85429ca3-4bcc-4f41-ae37-9a1d05de520c-005a7578,UNC Carrington Hall Phase 2,"120 Medical Drive, Chapel Hill, NC 27514",Condensate,"A, C,D",87400403,,,,2522,Fitting,Joint,AGM: Condensate Drain (CD),CD,,Soldered Joint,Wrot,,Joint,BIMrxDBS,Copper,Cu,1-1/2,1.5,"1 1/2""",1.5,,,,,,,1,,,,,Spooled,12981,,,,PLAZA LEVEL,MEP Fabrication Pipework,,MDSK_JOINT_000036-0008,,,,,,,,Generic Soldered Joint (C2) (Female),Generic Soldered Joint (C1) (Male),,,,,,
85429ca3-4bcc-4f41-ae37-9a1d05de520c-005a759e,UNC Carrington Hall Phase 2,"120 Medical Drive, Chapel Hill, NC 27514",Condensate,"A, C,D",87400403,,,,2522,Fitting,Joint,AGM: Condensate Drain (CD),CD,,Soldered Joint,Wrot,,Joint,BIMrxDBS,Copper,Cu,1-1/2,1.5,"1 1/2""",1.5,,,,,,,1,,,,,Spooled,12981,,,,PLAZA LEVEL,MEP Fabrication Pipework,,MDSK_JOINT_000036-0008,,,,,,,,Generic Soldered Joint (C2) (Female),Generic Soldered Joint (C1) (Male),,,,,,
85429ca3-4bcc-4f41-ae37-9a1d05de520c-005a75a0,UNC Carrington Hall Phase 2,"120 Medical Drive, Chapel Hill, NC 27514",Condensate,"A, C,D",87400403,,,,2522,Fitting,Joint,AGM: Condensate Drain (CD),CD,,Soldered Joint,Wrot,,Joint,BIMrxDBS,Copper,Cu,1-1/2,1.5,"1 1/2""",1.5,,,,,,,1,,,PLD-CD-03,PLD-CD-03,Spooled,12981,,,,PLAZA LEVEL,MEP Fabrication Pipework,,MDSK_JOINT_000036-0008,,,,,,,,Generic Soldered Joint (C1) (Male),Generic Soldered Joint (C2) (Female),,,,,,
85429ca3-4bcc-4f41-ae37-9a1d05de520c-005a75ae,UNC Carrington Hall Phase 2,"120 Medical Drive, Chapel Hill, NC 27514",Condensate,"A, C,D",87400403,,,,2522,Fitting,Joint,AGM: Condensate Drain (CD),CD,,Soldered Joint,Wrot,,Joint,BIMrxDBS,Copper,Cu,1-1/2,1.5,"1 1/2""",1.5,,,,,,,1,,,PLD-CD-02,PLD-CD-02,Spooled,12981,,,,PLAZA LEVEL,MEP Fabrication Pipework,,MDSK_JOINT_000036-0008,,,,,,,,Generic Soldered Joint (C2) (Female),Generic Soldered Joint (C1) (Male),,,,,,
85429ca3-4bcc-4f41-ae37-9a1d05de520c-005a75c6,UNC Carrington Hall Phase 2,"120 Medical Drive, Chapel Hill, NC 27514",Condensate,"A, C,D",87400403,,,,2522,Fitting,Joint,AGM: Condensate Drain (CD),CD,,Soldered Joint,Wrot,,Joint,BIMrxDBS,Copper,Cu,1-1/2,1.5,"1 1/2""",1.5,,,,,,,1,,,PLD-CD-02,PLD-CD-02,Spooled,12981,,,,PLAZA LEVEL,MEP Fabrication Pipework,,MDSK_JOINT_000036-0008,,,,,,,,Generic Soldered Joint (C2) (Female),Generic Soldered Joint (C1) (Male),,,,,,
85429ca3-4bcc-4f41-ae37-9a1d05de520c-005a75f1,UNC Carrington Hall Phase 2,"120 Medical Drive, Chapel Hill, NC 27514",Condensate,"A, C,D",87400403,,,,2522,Fitting,Joint,AGM: Condensate Drain (CD),CD,,Soldered Joint,Wrot,,Joint,BIMrxDBS,Copper,Cu,1-1/2,1.5,"1 1/2""",1.5,,,,,,,1,,,,,Spooled,12981,,,,PLAZA LEVEL,MEP Fabrication Pipework,,MDSK_JOINT_000036-0008,,,,,,,,Generic Soldered Joint (C1) (Male),Generic Soldered Joint (C2) (Female),,,,,,
85429ca3-4bcc-4f41-ae37-9a1d05de520c-005a75f3,UNC Carrington Hall Phase 2,"120 Medical Drive, Chapel Hill, NC 27514",Condensate,"A, C,D",87400403,,,,2522,Fitting,Pipework,AGM: Condensate Drain (CD),CD,,600-RS Coupling with Rolled Tube Stop C x C - Wrot,Wrot,,Nibco,BIMrxDBS,Copper,Cu,1-1/2,1.5,"1 1/2""",1.5,,,,,,,1,,,PLD-CD-01,PLD-CD-01,Spooled,12981,4,,0.22,PLAZA LEVEL,MEP Fabrication Pipework,,MDSK_NIB_000060-0012,,,,,,,,Nibco Copper Cup (Coupling),Nibco Copper Cup (Coupling),,,,,,
85429ca3-4bcc-4f41-ae37-9a1d05de520c-005a75f6,UNC Carrington Hall Phase 2,"120 Medical Drive, Chapel Hill, NC 27514",Condensate,"A, C,D",87400403,,,,2522,Fitting,Joint,AGM: Condensate Drain (CD),CD,,Soldered Joint,Wrot,,Joint,BIMrxDBS,Copper,Cu,1-1/2,1.5,"1 1/2""",1.5,,,,,,,1,,,PLD-CD-01,PLD-CD-01,Spooled,12981,,,,PLAZA LEVEL,MEP Fabrication Pipework,,MDSK_JOINT_000036-0008,,,,,,,,Generic Soldered Joint (C2) (Female),Generic Soldered Joint (C1) (Male),,,,,,
85429ca3-4bcc-4f41-ae37-9a1d05de520c-005a7612,UNC Carrington Hall Phase 2,"120 Medical Drive, Chapel Hill, NC 27514",Condensate,"A, C,D",87400403,,,,2522,Fitting,Joint,AGM: Condensate Drain (CD),CD,,Soldered Joint,Wrot,,Joint,BIMrxDBS,Copper,Cu,1-1/2,1.5,"1 1/2""",1.5,,,,,,,1,,,PLD-CD-01,PLD-CD-01,Spooled,12981,,,,PLAZA LEVEL,MEP Fabrication Pipework,,MDSK_JOINT_000036-0008,,,,,,,,Generic Soldered Joint (C2) (Female),Generic Soldered Joint (C1) (Male),,,,,,
85429ca3-4bcc-4f41-ae37-9a1d05de520c-005a765e,UNC Carrington Hall Phase 2,"120 Medical Drive, Chapel Hill, NC 27514",Condensate,"A, C,D",87400403,,,,2522,Fitting,Joint,AGM: Condensate Drain (CD),CD,,Soldered Joint,Wrot,,Joint,BIMrxDBS,Copper,Cu,1-1/2,1.5,"1 1/2""",1.5,,,,,,,1,,,,,Spooled,12981,,,,PLAZA LEVEL,MEP Fabrication Pipework,,MDSK_JOINT_000036-0008,,,,,,,,Generic Soldered Joint (C1) (Male),Generic Soldered Joint (C2) (Female),,,,,,
85429ca3-4bcc-4f41-ae37-9a1d05de520c-005a767e,UNC Carrington Hall Phase 2,"120 Medical Drive, Chapel Hill, NC 27514",Condensate,"A, C,D",87400403,,,,2522,Fitting,Joint,AGM: Condensate Drain (CD),CD,,Soldered Joint,Wrot,,Joint,BIMrxDBS,Copper,Cu,1-1/2,1.5,"1 1/2""",1.5,,,,,,,1,,,PLC-CD-07,PLC-CD-07,Spooled,12981,,,,PLAZA LEVEL,MEP Fabrication Pipework,,MDSK_JOINT_000036-0008,,,,,,,,Generic Soldered Joint (C1) (Male),Generic Soldered Joint (C2) (Female),,,,,,
85429ca3-4bcc-4f41-ae37-9a1d05de520c-005a7698,UNC Carrington Hall Phase 2,"120 Medical Drive, Chapel Hill, NC 27514",Condensate,"A, C,D",87400403,,,,2522,Fitting,Joint,AGM: Condensate Drain (CD),CD,,Soldered Joint,Wrot,,Joint,BIMrxDBS,Copper,Cu,1-1/2,1.5,"1 1/2""",1.5,,,,,,,1,,,,,Spooled,12981,,,,PLAZA LEVEL,MEP Fabrication Pipework,,MDSK_JOINT_000036-0008,,,,,,,,Generic Soldered Joint (C1) (Male),Generic Soldered Joint (C2) (Female),,,,,,
85429ca3-4bcc-4f41-ae37-9a1d05de520c-005a76b6,UNC Carrington Hall Phase 2,"120 Medical Drive, Chapel Hill, NC 27514",Condensate,"A, C,D",87400403,,,,2522,Fitting,Joint,AGM: Condensate Drain (CD),CD,,Soldered Joint,Wrot,,Joint,BIMrxDBS,Copper,Cu,1-1/2,1.5,"1 1/2""",1.5,,,,,,,1,,,,,Spooled,12981,,,,PLAZA LEVEL,MEP Fabrication Pipework,,MDSK_JOINT_000036-0008,,,,,,,,Generic Soldered Joint (C2) (Female),Generic Soldered Joint (C1) (Male),,,,,,
85429ca3-4bcc-4f41-ae37-9a1d05de520c-005a7735,UNC Carrington Hall Phase 2,"120 Medical Drive, Chapel Hill, NC 27514",Condensate,"A, C,D",87400403,,,,2522,Fitting,Joint,AGM: Condensate Drain (CD),CD,,Soldered Joint,Wrot,,Joint,BIMrxDBS,Copper,Cu,1-1/2,1.5,"1 1/2""",1.5,,,,,,,1,,,,,Spooled,12981,,,,PLAZA LEVEL,MEP Fabrication Pipework,,MDSK_JOINT_000036-0008,,,,,,,,Generic Soldered Joint (C2) (Female),Generic Soldered Joint (C1) (Male),,,,,,
85429ca3-4bcc-4f41-ae37-9a1d05de520c-005a77b7,UNC Carrington Hall Phase 2,"120 Medical Drive, Chapel Hill, NC 27514",Condensate,"A, C,D",87400403,,,,2522,Fitting,Joint,AGM: Condensate Drain (CD),CD,,Soldered Joint,Wrot,,Joint,BIMrxDBS,Copper,Cu,1-1/2,1.5,"1 1/2""",1.5,,,,,,,1,,,PLC-CD-02,PLC-CD-02,Spooled,12981,,,,PLAZA LEVEL,MEP Fabrication Pipework,,MDSK_JOINT_000036-0008,,,,,,,,Generic Soldered Joint (C2) (Female),Generic Soldered Joint (C1) (Male),,,,,,
85429ca3-4bcc-4f41-ae37-9a1d05de520c-005a77bb,UNC Carrington Hall Phase 2,"120 Medical Drive, Chapel Hill, NC 27514",Condensate,"A, C,D",87400403,,,,2522,Fitting,Joint,AGM: Condensate Drain (CD),CD,,Soldered Joint,Wrot,,Joint,BIMrxDBS,Copper,Cu,1-1/2,1.5,"1 1/2""",1.5,,,,,,,1,,,PLC-CD-02,PLC-CD-02,Spooled,12981,,,,PLAZA LEVEL,MEP Fabrication Pipework,,MDSK_JOINT_000036-0008,,,,,,,,Generic Soldered Joint (C2) (Female),Generic Soldered Joint (C1) (Male),,,,,,
85429ca3-4bcc-4f41-ae37-9a1d05de520c-005a77d1,UNC Carrington Hall Phase 2,"120 Medical Drive, Chapel Hill, NC 27514",Condensate,"A, C,D",87400403,,,,2522,Fitting,Joint,AGM: Condensate Drain (CD),CD,,Soldered Joint,Wrot,,Joint,BIMrxDBS,Copper,Cu,1-1/2,1.5,"1 1/2""",1.5,,,,,,,1,,,PLC-CD-02,PLC-CD-02,Spooled,12981,,,,PLAZA LEVEL,MEP Fabrication Pipework,,MDSK_JOINT_000036-0008,,,,,,,,Generic Soldered Joint (C2) (Female),Generic Soldered Joint (C1) (Male),,,,,,
85429ca3-4bcc-4f41-ae37-9a1d05de520c-005a77e2,UNC Carrington Hall Phase 2,"120 Medical Drive, Chapel Hill, NC 27514",Condensate,"A, C,D",87400403,,,,2522,Fitting,Joint,AGM: Condensate Drain (CD),CD,,Soldered Joint,Wrot,,Joint,BIMrxDBS,Copper,Cu,1-1/2,1.5,"1 1/2""",1.5,,,,,,,1,,,,,Spooled,12981,,,,PLAZA LEVEL,MEP Fabrication Pipework,,MDSK_JOINT_000036-0008,,,,,,,,Generic Soldered Joint (C2) (Female),Generic Soldered Joint (C1) (Male),,,,,,
85429ca3-4bcc-4f41-ae37-9a1d05de520c-005a77e4,UNC Carrington Hall Phase 2,"120 Medical Drive, Chapel Hill, NC 27514",Condensate,"A, C,D",87400403,,,,2522,Fitting,Joint,AGM: Condensate Drain (CD),CD,,Soldered Joint,Wrot,,Joint,BIMrxDBS,Copper,Cu,1-1/2,1.5,"1 1/2""",1.5,,,,,,,1,,,PLC-CD-01,PLC-CD-01,Spooled,12981,,,,PLAZA LEVEL,MEP Fabrication Pipework,,MDSK_JOINT_000036-0008,,,,,,,,Generic Soldered Joint (C1) (Male),Generic Soldered Joint (C2) (Female),,,,,,
85429ca3-4bcc-4f41-ae37-9a1d05de520c-005a77f0,UNC Carrington Hall Phase 2,"120 Medical Drive, Chapel Hill, NC 27514",Condensate,"A, C,D",87400403,,,,2522,Fitting,Joint,AGM: Condensate Drain (CD),CD,,Soldered Joint,Wrot,,Joint,BIMrxDBS,Copper,Cu,1-1/2,1.5,"1 1/2""",1.5,,,,,,,1,,,PLC-CD-01,PLC-CD-01,Spooled,12981,,,,PLAZA LEVEL,MEP Fabrication Pipework,,MDSK_JOINT_000036-0008,,,,,,,,Generic Soldered Joint (C2) (Female),Generic Soldered Joint (C1) (Male),,,,,,
85429ca3-4bcc-4f41-ae37-9a1d05de520c-005a7809,UNC Carrington Hall Phase 2,"120 Medical Drive, Chapel Hill, NC 27514",Condensate,"A, C,D",87400403,,,,2522,Fitting,Joint,AGM: Condensate Drain (CD),CD,,Soldered Joint,Wrot,,Joint,BIMrxDBS,Copper,Cu,1-1/2,1.5,"1 1/2""",1.5,,,,,,,1,,,PLC-CD-01,PLC-CD-01,Spooled,12981,,,,PLAZA LEVEL,MEP Fabrication Pipework,,MDSK_JOINT_000036-0008,,,,,,,,Generic Soldered Joint (C1) (Male),Generic Soldered Joint (C2) (Female),,,,,,
8a1a49aa-23cd-44b4-9b47-13d0ff0419f4-005a8886,UNC Carrington Hall Phase 2,"120 Medical Drive, Chapel Hill, NC 27514",Condensate,"A, C,D",87400403,,,,2900,Fitting,Drainage,AGM: Condensate Drain (CD),CD,,911 DWV Tee C x C x C - Wrot,DWV,T,Nibco,BIMrxDBS,Copper,Cu,1-1/2,1.5,"1 1/2""",1.5,"1 1/2""",,,,,,1,,,PLC-CD-03,PLC-CD-03,Spooled,12981,2,,0.49,PLAZA LEVEL,MEP Fabrication Pipework,,MDSK_NIB_000054-0002,,,,,,,,Nibco Copper (DWV) Cup,Nibco Copper (DWV) Cup,Nibco Copper (DWV) Cup,,,,,
8a1a49aa-23cd-44b4-9b47-13d0ff0419f4-005a88b8,UNC Carrington Hall Phase 2,"120 Medical Drive, Chapel Hill, NC 27514",Condensate,"A, C,D",87400403,,,,2041,Straight,Drainage,AGM: Condensate Drain (CD),CD,,Pipe - Copper DWV,DWV,,Mueller,BIMrxDBS,Copper,Cu,1-1/2,1.5,"1 1/2""",1.5,,,,,"9' - 11 3/4""",9.9765,1,,,PLC-CD-05,PLC-CD-05,Spooled,12981,1,,8.07,PLAZA LEVEL,MEP Fabrication Pipework,,MDSK_MUE_000101-0002,,,,,,,,Mueller Copper Plain End (Pipe),Mueller Copper Plain End (Pipe),,,,,,
8a1a49aa-23cd-44b4-9b47-13d0ff0419f4-005a88bb,UNC Carrington Hall Phase 2,"120 Medical Drive, Chapel Hill, NC 27514",Condensate,"A, C,D",87400403,,,,2522,Fitting,Joint,AGM: Condensate Drain (CD),CD,,Soldered Joint,Wrot,,Joint,BIMrxDBS,Copper,Cu,1-1/2,1.5,"1 1/2""",1.5,,,,,,,1,,,,,Spooled,12981,,,,PLAZA LEVEL,MEP Fabrication Pipework,,MDSK_JOINT_000036-0008,,,,,,,,Generic Soldered Joint (C2) (Female),Generic Soldered Joint (C1) (Male),,,,,,
8a1a49aa-23cd-44b4-9b47-13d0ff0419f4-005a88cf,UNC Carrington Hall Phase 2,"120 Medical Drive, Chapel Hill, NC 27514",Condensate,"A, C,D",87400403,,,,2041,Straight,Drainage,AGM: Condensate Drain (CD),CD,,Pipe - Copper DWV,DWV,,Mueller,BIMrxDBS,Copper,Cu,1-1/2,1.5,"1 1/2""",1.5,,,,,"0' - 5 7/8""",0.4907,1,,,PLC-CD-04,PLC-CD-04,Spooled,12981,1,,0.4,PLAZA LEVEL,MEP Fabrication Pipework,,MDSK_MUE_000101-0002,,,,,,,,Mueller Copper Plain End (Pipe),Mueller Copper Plain End (Pipe),,,,,,
8a1a49aa-23cd-44b4-9b47-13d0ff0419f4-005a88ef,UNC Carrington Hall Phase 2,"120 Medical Drive, Chapel Hill, NC 27514",Condensate,"A, C,D",87400403,,,,2522,Fitting,Joint,AGM: Condensate Drain (CD),CD,,Soldered Joint,Wrot,,Joint,BIMrxDBS,Copper,Cu,1-1/2,1.5,"1 1/2""",1.5,,,,,,,1,,,,,Spooled,12981,,,,PLAZA LEVEL,MEP Fabrication Pipework,,MDSK_JOINT_000036-0008,,,,,,,,Generic Soldered Joint (C2) (Female),Generic Soldered Joint (C1) (Male),,,,,,
8a1a49aa-23cd-44b4-9b47-13d0ff0419f4-005a8a25,UNC Carrington Hall Phase 2,"120 Medical Drive, Chapel Hill, NC 27514",Condensate,"A, C,D",87400403,,,,2523,Fitting,Drainage,AGM: Condensate Drain (CD),CD,,906 DWV 45 Elbow C x C - Wrot,DWV,45,Nibco,BIMrxDBS,Copper,Cu,1-1/2,1.5,"1 1/2""",1.5,,,,,,,1,,,PLC-CD-04,PLC-CD-04,Spooled,12981,3,,0.21,PLAZA LEVEL,MEP Fabrication Pipework,,MDSK_NIB_000049-0002,,,,,,,,Nibco Copper (DWV) Cup,Nibco Copper (DWV) Cup,,,,,,
8a1a49aa-23cd-44b4-9b47-13d0ff0419f4-005a8a2d,UNC Carrington Hall Phase 2,"120 Medical Drive, Chapel Hill, NC 27514",Condensate,"A, C,D",87400403,,,,2522,Fitting,Joint,AGM: Condensate Drain (CD),CD,,Soldered Joint,Wrot,,Joint,BIMrxDBS,Copper,Cu,1-1/2,1.5,"1 1/2""",1.5,,,,,,,1,,,PLC-CD-04,PLC-CD-04,Spooled,12981,,,,PLAZA LEVEL,MEP Fabrication Pipework,,MDSK_JOINT_000036-0008,,,,,,,,Generic Soldered Joint (C1) (Male),Generic Soldered Joint (C2) (Female),,,,,,
8a1a49aa-23cd-44b4-9b47-13d0ff0419f4-005a8a39,UNC Carrington Hall Phase 2,"120 Medical Drive, Chapel Hill, NC 27514",Condensate,"A, C,D",87400403,,,,2041,Straight,Drainage,AGM: Condensate Drain (CD),CD,,Pipe - Copper DWV,DWV,,Mueller,BIMrxDBS,Copper,Cu,1-1/2,1.5,"1 1/2""",1.5,,,,,"2' - 6 7/8""",2.5764,1,,,PLC-CD-04,PLC-CD-04,Spooled,12981,2,,2.08,PLAZA LEVEL,MEP Fabrication Pipework,,MDSK_MUE_000101-0002,,,,,,,,Mueller Copper Plain End (Pipe),Mueller Copper Plain End (Pipe),,,,,,
8a1a49aa-23cd-44b4-9b47-13d0ff0419f4-005a8a5d,UNC Carrington Hall Phase 2,"120 Medical Drive, Chapel Hill, NC 27514",Condensate,"A, C,D",87400403,,,,2522,Fitting,Joint,AGM: Condensate Drain (CD),CD,,Soldered Joint,Wrot,,Joint,BIMrxDBS,Copper,Cu,1-1/2,1.5,"1 1/2""",1.5,,,,,,,1,,,PLC-CD-04,PLC-CD-04,Spooled,12981,,,,PLAZA LEVEL,MEP Fabrication Pipework,,MDSK_JOINT_000036-0008,,,,,,,,Generic Soldered Joint (C1) (Male),Generic Soldered Joint (C2) (Female),,,,,,
89b11114-ba35-44a3-a2e1-77c1d63343fe-005a9089,UNC Carrington Hall Phase 2,"120 Medical Drive, Chapel Hill, NC 27514",Condensate,"A, C,D",87400403,,,,2522,Fitting,Joint,AGM: Condensate Drain (CD),CD,,Soldered Joint,Wrot,,Joint,BIMrxDBS,Copper,Cu,1-1/2,1.5,"1 1/2""",1.5,,,,,,,1,,,PLC-CD-02,PLC-CD-02,Spooled,12981,,,,PLAZA LEVEL,MEP Fabrication Pipework,,MDSK_JOINT_000036-0008,,,,,,,,Generic Soldered Joint (C1) (Male),Generic Soldered Joint (C2) (Female),,,,,,
89b11114-ba35-44a3-a2e1-77c1d63343fe-005a9c0d,UNC Carrington Hall Phase 2,"120 Medical Drive, Chapel Hill, NC 27514",Condensate,"A, C,D",87400403,,,,2522,Fitting,Joint,AGM: Condensate Drain (CD),CD,,Soldered Joint,Wrot,,Joint,BIMrxDBS,Copper,Cu,1-1/4,1.25,"1 1/4""",1.25,,,,,,,1,,,,,Spooled,12981,,,,PLAZA LEVEL,MEP Fabrication Pipework,,MDSK_JOINT_000036-0007,,,,,,,,Generic Soldered Joint (C1) (Male),Generic Soldered Joint (C2) (Female),,,,,,
89b11114-ba35-44a3-a2e1-77c1d63343fe-005a9de2,UNC Carrington Hall Phase 2,"120 Medical Drive, Chapel Hill, NC 27514",Condensate,"A, C,D",87400403,,,,2522,Fitting,Joint,AGM: Condensate Drain (CD),CD,,Soldered Joint,Wrot,,Joint,BIMrxDBS,Copper,Cu,1-1/2,1.5,"1 1/2""",1.5,,,,,,,1,,,PLC-CD-02,PLC-CD-02,Spooled,12981,,,,PLAZA LEVEL,MEP Fabrication Pipework,,MDSK_JOINT_000036-0008,,,,,,,,Generic Soldered Joint (C2) (Female),Generic Soldered Joint (C1) (Male),,,,,,
89b11114-ba35-44a3-a2e1-77c1d63343fe-005a9e69,UNC Carrington Hall Phase 2,"120 Medical Drive, Chapel Hill, NC 27514",Condensate,"A, C,D",87400403,,,,2522,Fitting,Joint,AGM: Condensate Drain (CD),CD,,Soldered Joint,Wrot,,Joint,BIMrxDBS,Copper,Cu,1-1/2,1.5,"1 1/2""",1.5,,,,,,,1,,,PLD-CD-01,PLD-CD-01,Spooled,12981,,,,PLAZA LEVEL,MEP Fabrication Pipework,,MDSK_JOINT_000036-0008,,,,,,,,Generic Soldered Joint (C1) (Male),Generic Soldered Joint (C2) (Female),,,,,,
89b11114-ba35-44a3-a2e1-77c1d63343fe-005a9e7d,UNC Carrington Hall Phase 2,"120 Medical Drive, Chapel Hill, NC 27514",Condensate,"A, C,D",87400403,,,,2522,Fitting,Joint,AGM: Condensate Drain (CD),CD,,Soldered Joint,Wrot,,Joint,BIMrxDBS,Copper,Cu,1-1/2,1.5,"1 1/2""",1.5,,,,,,,1,,,PLC-CD-06,PLC-CD-06,Spooled,12981,,,,PLAZA LEVEL,MEP Fabrication Pipework,,MDSK_JOINT_000036-0008,,,,,,,,Generic Soldered Joint (C2) (Female),Generic Soldered Joint (C1) (Male),,,,,,
89b11114-ba35-44a3-a2e1-77c1d63343fe-005a9e88,UNC Carrington Hall Phase 2,"120 Medical Drive, Chapel Hill, NC 27514",Condensate,"A, C,D",87400403,,,,2522,Fitting,Joint,AGM: Condensate Drain (CD),CD,,Soldered Joint,Wrot,,Joint,BIMrxDBS,Copper,Cu,1-1/2,1.5,"1 1/2""",1.5,,,,,,,1,,,PLC-CD-02,PLC-CD-02,Spooled,12981,,,,PLAZA LEVEL,MEP Fabrication Pipework,,MDSK_JOINT_000036-0008,,,,,,,,Generic Soldered Joint (C1) (Male),Generic Soldered Joint (C2) (Female),,,,,,
fa79b914-eb2b-43ae-bee8-973517d36efb-005aabf8,UNC Carrington Hall Phase 2,"120 Medical Drive, Chapel Hill, NC 27514",Condensate,"A, C,D",87400403,,,,2900,Fitting,Drainage,AGM: Condensate Drain (CD),CD,,911 DWV Tee C x C x C - Wrot,DWV,T,Nibco,BIMrxDBS,Copper,Cu,1-1/4,1.25,"1 1/4""",1.25,"1 1/4""",,,,,,1,,,PLA-CD-05,PLA-CD-05,Spooled,12981,3,,0.32,PLAZA LEVEL,MEP Fabrication Pipework,,MDSK_NIB_000054-0001,,,,,,,,Nibco Copper (DWV) Cup,Nibco Copper (DWV) Cup,Nibco Copper (DWV) Cup,,,,,
fa79b914-eb2b-43ae-bee8-973517d36efb-005aac4c,UNC Carrington Hall Phase 2,"120 Medical Drive, Chapel Hill, NC 27514",Condensate,"A, C,D",87400403,,,,2041,Straight,Drainage,AGM: Condensate Drain (CD),CD,,Pipe - Copper DWV,DWV,,Mueller,BIMrxDBS,Copper,Cu,1-1/4,1.25,"1 1/4""",1.25,,,,,"2' - 10 1/2""",2.8721,1,,,PLA-CD-06,PLA-CD-06,Spooled,12981,1,,1.87,PLAZA LEVEL,MEP Fabrication Pipework,,MDSK_MUE_000101-0001,,,,,,,,Mueller Copper Plain End (Pipe),Mueller Copper Plain End (Pipe),,,,,,
fa79b914-eb2b-43ae-bee8-973517d36efb-005aac4f,UNC Carrington Hall Phase 2,"120 Medical Drive, Chapel Hill, NC 27514",Condensate,"A, C,D",87400403,,,,2522,Fitting,Joint,AGM: Condensate Drain (CD),CD,,Soldered Joint,Wrot,,Joint,BIMrxDBS,Copper,Cu,1-1/4,1.25,"1 1/4""",1.25,,,,,,,1,,,,,Spooled,12981,,,,PLAZA LEVEL,MEP Fabrication Pipework,,MDSK_JOINT_000036-0007,,,,,,,,Generic Soldered Joint (C2) (Female),Generic Soldered Joint (C1) (Male),,,,,,
fa79b914-eb2b-43ae-bee8-973517d36efb-005aac51,UNC Carrington Hall Phase 2,"120 Medical Drive, Chapel Hill, NC 27514",Condensate,"A, C,D",87400403,,,,2522,Fitting,Joint,AGM: Condensate Drain (CD),CD,,Soldered Joint,Wrot,,Joint,BIMrxDBS,Copper,Cu,1-1/4,1.25,"1 1/4""",1.25,,,,,,,1,,,PLA-CD-05,PLA-CD-05,Spooled,12981,,,,PLAZA LEVEL,MEP Fabrication Pipework,,MDSK_JOINT_000036-0007,,,,,,,,Generic Soldered Joint (C1) (Male),Generic Soldered Joint (C2) (Female),,,,,,
fa79b914-eb2b-43ae-bee8-973517d36efb-005aace3,UNC Carrington Hall Phase 2,"120 Medical Drive, Chapel Hill, NC 27514",Condensate,"A, C,D",87400403,,,,2041,Straight,Drainage,AGM: Condensate Drain (CD),CD,,Pipe - Copper DWV,DWV,,Mueller,BIMrxDBS,Copper,Cu,1-1/4,1.25,"1 1/4""",1.25,,,,,"12' - 5 5/8""",12.4688,1,,,PLA-CD-04,PLA-CD-04,Spooled,12981,1,,8.1,PLAZA LEVEL,MEP Fabrication Pipework,,MDSK_MUE_000101-0001,,,,,,,,Mueller Copper Plain End (Pipe),Mueller Copper Plain End (Pipe),,,,,,
fa79b914-eb2b-43ae-bee8-973517d36efb-005aae15,UNC Carrington Hall Phase 2,"120 Medical Drive, Chapel Hill, NC 27514",Condensate,"A, C,D",87400403,,,,2900,Fitting,Drainage,AGM: Condensate Drain (CD),CD,,911 DWV Tee C x C x C - Wrot,DWV,T,Nibco,BIMrxDBS,Copper,Cu,1-1/4,1.25,"1 1/4""",1.25,"1 1/4""",,,,,,1,,,PLA-CD-04,PLA-CD-04,Spooled,12981,2,,0.32,PLAZA LEVEL,MEP Fabrication Pipework,,MDSK_NIB_000054-0001,,,,,,,,Nibco Copper (DWV) Cup,Nibco Copper (DWV) Cup,Nibco Copper (DWV) Cup,,,,,
fa79b914-eb2b-43ae-bee8-973517d36efb-005aae5c,UNC Carrington Hall Phase 2,"120 Medical Drive, Chapel Hill, NC 27514",Condensate,"A, C,D",87400403,,,,2522,Fitting,Joint,AGM: Condensate Drain (CD),CD,,Soldered Joint,Wrot,,Joint,BIMrxDBS,Copper,Cu,1-1/4,1.25,"1 1/4""",1.25,,,,,,,1,,,PLA-CD-04,PLA-CD-04,Spooled,12981,,,,PLAZA LEVEL,MEP Fabrication Pipework,,MDSK_JOINT_000036-0007,,,,,,,,Generic Soldered Joint (C2) (Female),Generic Soldered Joint (C1) (Male),,,,,,
fa79b914-eb2b-43ae-bee8-973517d36efb-005aae89,UNC Carrington Hall Phase 2,"120 Medical Drive, Chapel Hill, NC 27514",Condensate,"A, C,D",87400403,,,,2522,Fitting,Joint,AGM: Condensate Drain (CD),CD,,Soldered Joint,Wrot,,Joint,BIMrxDBS,Copper,Cu,1-1/4,1.25,"1 1/4""",1.25,,,,,,,1,,,,,Spooled,12981,,,,PLAZA LEVEL,MEP Fabrication Pipework,,MDSK_JOINT_000036-0007,,,,,,,,Generic Soldered Joint (C1) (Male),Generic Soldered Joint (C2) (Female),,,,,,
fa79b914-eb2b-43ae-bee8-973517d36efb-005aae9b,UNC Carrington Hall Phase 2,"120 Medical Drive, Chapel Hill, NC 27514",Condensate,"A, C,D",87400403,,,,2522,Fitting,Drainage,AGM: Condensate Drain (CD),CD,,816 - Cleanout w Plug C - Cast,DWV,,Nibco,BIMrxDBS,Copper,Cu,1-1/4,1.25,"1 1/4""",1.25,,,,,,,1,,,PLA-CD-04,PLA-CD-04,Spooled,12981,3,,0.49,PLAZA LEVEL,MEP Fabrication Pipework,,MDSK_NIB_000320-0001,,,,,,,,Nibco Copper Plain End,Nibco Copper (Cast) Blank (Plug Square End),,,,,,
fa79b914-eb2b-43ae-bee8-973517d36efb-005aaea1,UNC Carrington Hall Phase 2,"120 Medical Drive, Chapel Hill, NC 27514",Condensate,"A, C,D",87400403,,,,2522,Fitting,Joint,AGM: Condensate Drain (CD),CD,,Soldered Joint,Wrot,,Joint,BIMrxDBS,Copper,Cu,1-1/4,1.25,"1 1/4""",1.25,,,,,,,1,,,PLA-CD-04,PLA-CD-04,Spooled,12981,,,,PLAZA LEVEL,MEP Fabrication Pipework,,MDSK_JOINT_000036-0007,,,,,,,,Generic Soldered Joint (C1) (Male),Generic Soldered Joint (C2) (Female),,,,,,
fa79b914-eb2b-43ae-bee8-973517d36efb-005aaf92,UNC Carrington Hall Phase 2,"120 Medical Drive, Chapel Hill, NC 27514",Condensate,"A, C,D",87400403,,,,2523,Fitting,Drainage,AGM: Condensate Drain (CD),CD,,907 DWV 90 Elbow C x C - Wrot,DWV,90,Nibco,BIMrxDBS,Copper,Cu,1-1/4,1.25,"1 1/4""",1.25,,,,,,,1,,,PLA-CD-04,PLA-CD-04,Spooled,12981,4,,0.18,PLAZA LEVEL,MEP Fabrication Pipework,,MDSK_NIB_000051-0001,,,,,,,,Nibco Copper (DWV) Cup,Nibco Copper (DWV) Cup,,,,,,
fa79b914-eb2b-43ae-bee8-973517d36efb-005aafae,UNC Carrington Hall Phase 2,"120 Medical Drive, Chapel Hill, NC 27514",Condensate,"A, C,D",87400403,,,,2522,Fitting,Joint,AGM: Condensate Drain (CD),CD,,Soldered Joint,Wrot,,Joint,BIMrxDBS,Copper,Cu,1-1/4,1.25,"1 1/4""",1.25,,,,,,,1,,,PLA-CD-04,PLA-CD-04,Spooled,12981,,,,PLAZA LEVEL,MEP Fabrication Pipework,,MDSK_JOINT_000036-0007,,,,,,,,Generic Soldered Joint (C1) (Male),Generic Soldered Joint (C2) (Female),,,,,,
fa79b914-eb2b-43ae-bee8-973517d36efb-005aaff0,UNC Carrington Hall Phase 2,"120 Medical Drive, Chapel Hill, NC 27514",Condensate,"A, C,D",87400403,,,,2041,Straight,Drainage,AGM: Condensate Drain (CD),CD,,Pipe - Copper DWV,DWV,,Mueller,BIMrxDBS,Copper,Cu,1-1/4,1.25,"1 1/4""",1.25,,,,,"1' - 10 5/8""",1.885,1,,,PLA-CD-03,PLA-CD-03,Spooled,12981,1,,1.23,PLAZA LEVEL,MEP Fabrication Pipework,,MDSK_MUE_000101-0001,,,,,,,,Mueller Copper Plain End (Pipe),Mueller Copper Plain End (Pipe),,,,,,
fa79b914-eb2b-43ae-bee8-973517d36efb-005ab012,UNC Carrington Hall Phase 2,"120 Medical Drive, Chapel Hill, NC 27514",Condensate,"A, C,D",87400403,,,,2522,Fitting,Joint,AGM: Condensate Drain (CD),CD,,Soldered Joint,Wrot,,Joint,BIMrxDBS,Copper,Cu,1-1/4,1.25,"1 1/4""",1.25,,,,,,,1,,,,,Spooled,12981,,,,PLAZA LEVEL,MEP Fabrication Pipework,,MDSK_JOINT_000036-0007,,,,,,,,Generic Soldered Joint (C1) (Male),Generic Soldered Joint (C2) (Female),,,,,,
fa79b914-eb2b-43ae-bee8-973517d36efb-005ab09f,UNC Carrington Hall Phase 2,"120 Medical Drive, Chapel Hill, NC 27514",Condensate,"A, C,D",87400403,,,,2523,Fitting,Drainage,AGM: Condensate Drain (CD),CD,,907 DWV 90 Elbow C x C - Wrot,DWV,90,Nibco,BIMrxDBS,Copper,Cu,1-1/4,1.25,"1 1/4""",1.25,,,,,,,1,,,PLA-CD-03,PLA-CD-03,Spooled,12981,3,,0.18,PLAZA LEVEL,MEP Fabrication Pipework,,MDSK_NIB_000051-0001,,,,,,,,Nibco Copper (DWV) Cup,Nibco Copper (DWV) Cup,,,,,,
fa79b914-eb2b-43ae-bee8-973517d36efb-005ab0ab,UNC Carrington Hall Phase 2,"120 Medical Drive, Chapel Hill, NC 27514",Condensate,"A, C,D",87400403,,,,2522,Fitting,Joint,AGM: Condensate Drain (CD),CD,,Soldered Joint,Wrot,,Joint,BIMrxDBS,Copper,Cu,1-1/4,1.25,"1 1/4""",1.25,,,,,,,1,,,PLA-CD-03,PLA-CD-03,Spooled,12981,,,,PLAZA LEVEL,MEP Fabrication Pipework,,MDSK_JOINT_000036-0007,,,,,,,,Generic Soldered Joint (C1) (Male),Generic Soldered Joint (C2) (Female),,,,,,
fa79b914-eb2b-43ae-bee8-973517d36efb-005ab132,UNC Carrington Hall Phase 2,"120 Medical Drive, Chapel Hill, NC 27514",Condensate,"A, C,D",87400403,,,,2041,Straight,Drainage,AGM: Condensate Drain (CD),CD,,Pipe - Copper DWV,DWV,,Mueller,BIMrxDBS,Copper,Cu,1-1/4,1.25,"1 1/4""",1.25,,,,,"5' - 10 5/8""",5.8858,1,,,PLA-CD-03,PLA-CD-03,Spooled,12981,2,,3.83,PLAZA LEVEL,MEP Fabrication Pipework,,MDSK_MUE_000101-0001,,,,,,,,Mueller Copper Plain End (Pipe),Mueller Copper Plain End (Pipe),,,,,,
fa79b914-eb2b-43ae-bee8-973517d36efb-005ab257,UNC Carrington Hall Phase 2,"120 Medical Drive, Chapel Hill, NC 27514",Condensate,"A, C,D",87400403,,,,2522,Fitting,Joint,AGM: Condensate Drain (CD),CD,,Soldered Joint,Wrot,,Joint,BIMrxDBS,Copper,Cu,1-1/4,1.25,"1 1/4""",1.25,,,,,,,1,,,PLA-CD-03,PLA-CD-03,Spooled,12981,,,,PLAZA LEVEL,MEP Fabrication Pipework,,MDSK_JOINT_000036-0007,,,,,,,,Generic Soldered Joint (C2) (Female),Generic Soldered Joint (C1) (Male),,,,,,
fa79b914-eb2b-43ae-bee8-973517d36efb-005ab2c8,UNC Carrington Hall Phase 2,"120 Medical Drive, Chapel Hill, NC 27514",Condensate,"A, C,D",87400403,,,,2900,Fitting,Drainage,AGM: Condensate Drain (CD),CD,,911 DWV Tee C x C x C - Wrot,DWV,T,Nibco,BIMrxDBS,Copper,Cu,1-1/4,1.25,"1 1/4""",1.25,"1 1/4""",,,,,,1,,,PLA-CD-02,PLA-CD-02,Spooled,12981,2,,0.32,PLAZA LEVEL,MEP Fabrication Pipework,,MDSK_NIB_000054-0001,,,,,,,,Nibco Copper (DWV) Cup,Nibco Copper (DWV) Cup,Nibco Copper (DWV) Cup,,,,,
fa79b914-eb2b-43ae-bee8-973517d36efb-005ab340,UNC Carrington Hall Phase 2,"120 Medical Drive, Chapel Hill, NC 27514",Condensate,"A, C,D",87400403,,,,2041,Straight,Pipework,AGM: Condensate Drain (CD),CD,,Pipe - B88 Copper Type M,Type M,,(Generic),BIMrxDBS,Copper,Cu,1-1/4,1.25,"1 1/4""",1.25,,,,,"12' - 6 3/8""",12.5339,1,,,PLA-CD-02,PLA-CD-02,Spooled,12981,1,,8.55,PLAZA LEVEL,MEP Fabrication Pipework,,MDSK_GEN_000402-0005,,,,,,,,Generic Copper Plain End (Pipe),Generic Copper Plain End (Pipe),,,,,,
fa79b914-eb2b-43ae-bee8-973517d36efb-005ab343,UNC Carrington Hall Phase 2,"120 Medical Drive, Chapel Hill, NC 27514",Condensate,"A, C,D",87400403,,,,2522,Fitting,Joint,AGM: Condensate Drain (CD),CD,,Soldered Joint,Wrot,,Joint,BIMrxDBS,Copper,Cu,1-1/4,1.25,"1 1/4""",1.25,,,,,,,1,,,PLA-CD-02,PLA-CD-02,Spooled,12981,,,,PLAZA LEVEL,MEP Fabrication Pipework,,MDSK_JOINT_000036-0007,,,,,,,,Generic Soldered Joint (C2) (Female),Generic Soldered Joint (C1) (Male),,,,,,
fa79b914-eb2b-43ae-bee8-973517d36efb-005ab37f,UNC Carrington Hall Phase 2,"120 Medical Drive, Chapel Hill, NC 27514",Condensate,"A, C,D",87400403,,,,2522,Fitting,Joint,AGM: Condensate Drain (CD),CD,,Soldered Joint,Wrot,,Joint,BIMrxDBS,Copper,Cu,1-1/4,1.25,"1 1/4""",1.25,,,,,,,1,,,,,Spooled,12981,,,,PLAZA LEVEL,MEP Fabrication Pipework,,MDSK_JOINT_000036-0007,,,,,,,,Generic Soldered Joint (C1) (Male),Generic Soldered Joint (C2) (Female),,,,,,
fa79b914-eb2b-43ae-bee8-973517d36efb-005ab391,UNC Carrington Hall Phase 2,"120 Medical Drive, Chapel Hill, NC 27514",Condensate,"A, C,D",87400403,,,,2522,Fitting,Drainage,AGM: Condensate Drain (CD),CD,,816 - Cleanout w Plug C - Cast,DWV,,Nibco,BIMrxDBS,Copper,Cu,1-1/4,1.25,"1 1/4""",1.25,,,,,,,1,,,PLA-CD-02,PLA-CD-02,Spooled,12981,3,,0.49,PLAZA LEVEL,MEP Fabrication Pipework,,MDSK_NIB_000320-0001,,,,,,,,Nibco Copper (Cast) Blank (Plug Square End),Nibco Copper Plain End,,,,,,
fa79b914-eb2b-43ae-bee8-973517d36efb-005ab397,UNC Carrington Hall Phase 2,"120 Medical Drive, Chapel Hill, NC 27514",Condensate,"A, C,D",87400403,,,,2522,Fitting,Joint,AGM: Condensate Drain (CD),CD,,Soldered Joint,Wrot,,Joint,BIMrxDBS,Copper,Cu,1-1/4,1.25,"1 1/4""",1.25,,,,,,,1,,,PLA-CD-02,PLA-CD-02,Spooled,12981,,,,PLAZA LEVEL,MEP Fabrication Pipework,,MDSK_JOINT_000036-0007,,,,,,,,Generic Soldered Joint (C2) (Female),Generic Soldered Joint (C1) (Male),,,,,,
fa79b914-eb2b-43ae-bee8-973517d36efb-005ab407,UNC Carrington Hall Phase 2,"120 Medical Drive, Chapel Hill, NC 27514",Condensate,"A, C,D",87400403,,,,2051,Fitting,Pipework,AGM: Condensate Drain (CD),CD,,600-2 Fitting Reducer Ftg x C - Wrot,Wrot,,Nibco,BIMrxDBS,Copper,Cu,1-1/4x3/4,1.25,"1 1/4""",0.75,,,,,,,1,,,PLA-CD-05,PLA-CD-05,Spooled,12981,4,,0.16,PLAZA LEVEL,MEP Fabrication Pipework,,MDSK_NIB_000058-0018,,,,,,,,Nibco Copper Plain End,Nibco Copper Cup,,,,,,
fa79b914-eb2b-43ae-bee8-973517d36efb-005ab413,UNC Carrington Hall Phase 2,"120 Medical Drive, Chapel Hill, NC 27514",Condensate,"A, C,D",87400403,,,,2522,Fitting,Joint,AGM: Condensate Drain (CD),CD,,Soldered Joint,Wrot,,Joint,BIMrxDBS,Copper,Cu,1-1/4,1.25,"1 1/4""",1.25,,,,,,,1,,,PLA-CD-05,PLA-CD-05,Spooled,12981,,,,PLAZA LEVEL,MEP Fabrication Pipework,,MDSK_JOINT_000036-0007,,,,,,,,Generic Soldered Joint (C2) (Female),Generic Soldered Joint (C1) (Male),,,,,,
fa79b914-eb2b-43ae-bee8-973517d36efb-005ab441,UNC Carrington Hall Phase 2,"120 Medical Drive, Chapel Hill, NC 27514",Condensate,"A, C,D",87400403,,,,2522,Fitting,Joint,AGM: Condensate Drain (CD),CD,,Soldered Joint,Wrot,,Joint,BIMrxDBS,Copper,Cu,3/4,0.75,"3/4""",0.75,,,,,,,1,,,PLA-CD-05,PLA-CD-05,Spooled,12981,,,,PLAZA LEVEL,MEP Fabrication Pipework,,MDSK_JOINT_000036-0005,,,,,,,,Generic Soldered Joint (C2) (Female),Generic Soldered Joint (C1) (Male),,,,,,
fa79b914-eb2b-43ae-bee8-973517d36efb-005ab468,UNC Carrington Hall Phase 2,"120 Medical Drive, Chapel Hill, NC 27514",Condensate,"A, C,D",87400403,,,,2041,Straight,Pipework,AGM: Condensate Drain (CD),CD,,Pipe - B88 Copper Type M,Type M,,(Generic),BIMrxDBS,Copper,Cu,1-1/4,1.25,"1 1/4""",1.25,,,,,"7' - 3 7/8""",7.3197,1,,,PLA-CD-01,PLA-CD-01,Spooled,12981,1,,4.99,PLAZA LEVEL,MEP Fabrication Pipework,,MDSK_GEN_000402-0005,,,,,,,,Generic Copper Plain End (Pipe),Generic Copper Plain End (Pipe),,,,,,
fa79b914-eb2b-43ae-bee8-973517d36efb-005ab4cc,UNC Carrington Hall Phase 2,"120 Medical Drive, Chapel Hill, NC 27514",Condensate,"A, C,D",87400403,,,,2522,Fitting,Joint,AGM: Condensate Drain (CD),CD,,Soldered Joint,Wrot,,Joint,BIMrxDBS,Copper,Cu,1-1/4,1.25,"1 1/4""",1.25,,,,,,,1,,,PLA-CD-01,PLA-CD-01,Spooled,12981,,,,PLAZA LEVEL,MEP Fabrication Pipework,,MDSK_JOINT_000036-0007,,,,,,,,Generic Soldered Joint (C2) (Female),Generic Soldered Joint (C1) (Male),,,,,,
ecfacab4-0936-4f9e-a402-175eadb5c41c-005aba59,UNC Carrington Hall Phase 2,"120 Medical Drive, Chapel Hill, NC 27514",Condensate,"A, C,D",87400403,,,,2522,Fitting,Joint,AGM: Condensate Drain (CD),CD,,Soldered Joint,Wrot,,Joint,BIMrxDBS,Copper,Cu,3/4,0.75,"3/4""",0.75,,,,,,,1,,,,,Spooled,12981,,,,PLAZA LEVEL,MEP Fabrication Pipework,,MDSK_JOINT_000036-0005,,,,,,,,Generic Soldered Joint (C1) (Male),Generic Soldered Joint (C2) (Female),,,,,,
ecfacab4-0936-4f9e-a402-175eadb5c41c-005aba70,UNC Carrington Hall Phase 2,"120 Medical Drive, Chapel Hill, NC 27514",Condensate,"A, C,D",87400403,,,,2522,Fitting,Joint,AGM: Condensate Drain (CD),CD,,Soldered Joint,Wrot,,Joint,BIMrxDBS,Copper,Cu,3/4,0.75,"3/4""",0.75,,,,,,,1,,,PLA-CD-08,PLA-CD-08,Spooled,12981,,,,PLAZA LEVEL,MEP Fabrication Pipework,,MDSK_JOINT_000036-0005,,,,,,,,Generic Soldered Joint (C1) (Male),Generic Soldered Joint (C2) (Female),,,,,,
47392e17-435f-400d-9f86-50906602dc57-005ac913,UNC Carrington Hall Phase 2,"120 Medical Drive, Chapel Hill, NC 27514",Condensate,"A, C,D",87400403,,,,2060,Fitting,Drainage,AGM: Condensate Drain (CD),CD,,917-B Test Caps - Copper C - Wrot,DWV,,Nibco,BIMrxDBS,Copper,Cu,1-1/2,1.5,"1 1/2""",,,,,,,,1,,,PLC-CD-04,PLC-CD-04,Spooled,12981,4,,0.01,PLAZA LEVEL,MEP Fabrication Pipework,,MDSK_NIB_000055-0005,,,,,,,,Nibco Copper Cup (Cap),,,,,,,
47392e17-435f-400d-9f86-50906602dc57-005ac918,UNC Carrington Hall Phase 2,"120 Medical Drive, Chapel Hill, NC 27514",Condensate,"A, C,D",87400403,,,,2522,Fitting,Joint,AGM: Condensate Drain (CD),CD,,Soldered Joint,Wrot,,Joint,BIMrxDBS,Copper,Cu,1-1/2,1.5,"1 1/2""",1.5,,,,,,,1,,,PLC-CD-04,PLC-CD-04,Spooled,12981,,,,PLAZA LEVEL,MEP Fabrication Pipework,,MDSK_JOINT_000036-0008,,,,,,,,Generic Soldered Joint (C1) (Male),Generic Soldered Joint (C2) (Female),,,,,,
47392e17-435f-400d-9f86-50906602dc57-005ac91a,UNC Carrington Hall Phase 2,"120 Medical Drive, Chapel Hill, NC 27514",Condensate,"A, C,D",87400403,,,,2060,Fitting,Drainage,AGM: Condensate Drain (CD),CD,,917-B Test Caps - Copper C - Wrot,DWV,,Nibco,BIMrxDBS,Copper,Cu,1-1/2,1.5,"1 1/2""",,,,,,,,1,,,PLC-CD-08,PLC-CD-08,Spooled,12981,2,,0.01,PLAZA LEVEL,MEP Fabrication Pipework,,MDSK_NIB_000055-0005,,,,,,,,Nibco Copper Cup (Cap),,,,,,,
47392e17-435f-400d-9f86-50906602dc57-005ac91e,UNC Carrington Hall Phase 2,"120 Medical Drive, Chapel Hill, NC 27514",Condensate,"A, C,D",87400403,,,,2522,Fitting,Joint,AGM: Condensate Drain (CD),CD,,Soldered Joint,Wrot,,Joint,BIMrxDBS,Copper,Cu,1-1/2,1.5,"1 1/2""",1.5,,,,,,,1,,,PLC-CD-08,PLC-CD-08,Spooled,12981,,,,PLAZA LEVEL,MEP Fabrication Pipework,,MDSK_JOINT_000036-0008,,,,,,,,Generic Soldered Joint (C2) (Female),Generic Soldered Joint (C1) (Male),,,,,,
47392e17-435f-400d-9f86-50906602dc57-005ac920,UNC Carrington Hall Phase 2,"120 Medical Drive, Chapel Hill, NC 27514",Condensate,"A, C,D",87400403,,,,2060,Fitting,Drainage,AGM: Condensate Drain (CD),CD,,917-B Test Caps - Copper C - Wrot,DWV,,Nibco,BIMrxDBS,Copper,Cu,1-1/2,1.5,"1 1/2""",,,,,,,,1,,,PLD-CD-05,PLD-CD-05,Spooled,12981,3,,0.01,PLAZA LEVEL,MEP Fabrication Pipework,,MDSK_NIB_000055-0005,,,,,,,,Nibco Copper Cup (Cap),,,,,,,
47392e17-435f-400d-9f86-50906602dc57-005ac924,UNC Carrington Hall Phase 2,"120 Medical Drive, Chapel Hill, NC 27514",Condensate,"A, C,D",87400403,,,,2522,Fitting,Joint,AGM: Condensate Drain (CD),CD,,Soldered Joint,Wrot,,Joint,BIMrxDBS,Copper,Cu,1-1/2,1.5,"1 1/2""",1.5,,,,,,,1,,,PLD-CD-05,PLD-CD-05,Spooled,12981,,,,PLAZA LEVEL,MEP Fabrication Pipework,,MDSK_JOINT_000036-0008,,,,,,,,Generic Soldered Joint (C2) (Female),Generic Soldered Joint (C1) (Male),,,,,,
47392e17-435f-400d-9f86-50906602dc57-005aca04,UNC Carrington Hall Phase 2,"120 Medical Drive, Chapel Hill, NC 27514",Condensate,"A, C,D",87400403,,,,2041,Straight,Drainage,AGM: Condensate Drain (CD),CD,,Pipe - Copper DWV,DWV,,Mueller,BIMrxDBS,Copper,Cu,1-1/2,1.5,"1 1/2""",1.5,,,,,"18' - 7 1/4""",18.6039,1,,,PLC-CD-03,PLC-CD-03,Spooled,12981,1,,15.05,PLAZA LEVEL,MEP Fabrication Pipework,,MDSK_MUE_000101-0002,,,,,,,,Mueller Copper Plain End (Pipe),Mueller Copper Plain End (Pipe),,,,,,
47392e17-435f-400d-9f86-50906602dc57-005acade,UNC Carrington Hall Phase 2,"120 Medical Drive, Chapel Hill, NC 27514",Condensate,"A, C,D",87400403,,,,2522,Fitting,Joint,AGM: Condensate Drain (CD),CD,,Soldered Joint,Wrot,,Joint,BIMrxDBS,Copper,Cu,1-1/2,1.5,"1 1/2""",1.5,,,,,,,1,,,PLC-CD-03,PLC-CD-03,Spooled,12981,,,,PLAZA LEVEL,MEP Fabrication Pipework,,MDSK_JOINT_000036-0008,,,,,,,,Generic Soldered Joint (C2) (Female),Generic Soldered Joint (C1) (Male),,,,,,
47392e17-435f-400d-9f86-50906602dc57-005acc28,UNC Carrington Hall Phase 2,"120 Medical Drive, Chapel Hill, NC 27514",Condensate,"A, C,D",87400403,,,,2522,Fitting,Joint,AGM: Condensate Drain (CD),CD,,Soldered Joint,Wrot,,Joint,BIMrxDBS,Copper,Cu,1-1/2,1.5,"1 1/2""",1.5,,,,,,,1,,,,,Spooled,12981,,,,PLAZA LEVEL,MEP Fabrication Pipework,,MDSK_JOINT_000036-0008,,,,,,,,Generic Soldered Joint (C2) (Female),Generic Soldered Joint (C1) (Male),,,,,,
89a9e7fe-b244-49c4-adeb-5412e802ece3-005ace1f,UNC Carrington Hall Phase 2,"120 Medical Drive, Chapel Hill, NC 27514",Condensate,"A, C,D",87400403,,,,2060,Fitting,Pipework,AGM: Condensate Drain (CD),CD,,617 Tube Cap C - Wrot,Wrot,,Nibco,BIMrxDBS,Copper,Cu,3/4,0.75,"3/4""",,,,,,,,1,,,PLA-CD-10,PLA-CD-10,Spooled,12981,4,,0.05,PLAZA LEVEL,MEP Fabrication Pipework,,MDSK_NIB_000081-0006,,,,,,,,Nibco Copper Cup,,,,,,,
89a9e7fe-b244-49c4-adeb-5412e802ece3-005ace24,UNC Carrington Hall Phase 2,"120 Medical Drive, Chapel Hill, NC 27514",Condensate,"A, C,D",87400403,,,,2522,Fitting,Joint,AGM: Condensate Drain (CD),CD,,Soldered Joint,Wrot,,Joint,BIMrxDBS,Copper,Cu,3/4,0.75,"3/4""",0.75,,,,,,,1,,,PLA-CD-10,PLA-CD-10,Spooled,12981,,,,PLAZA LEVEL,MEP Fabrication Pipework,,MDSK_JOINT_000036-0005,,,,,,,,Generic Soldered Joint (C2) (Female),Generic Soldered Joint (C1) (Male),,,,,,
89a9e7fe-b244-49c4-adeb-5412e802ece3-005ace27,UNC Carrington Hall Phase 2,"120 Medical Drive, Chapel Hill, NC 27514",Condensate,"A, C,D",87400403,,,,2060,Fitting,Pipework,AGM: Condensate Drain (CD),CD,,617 Tube Cap C - Wrot,Wrot,,Nibco,BIMrxDBS,Copper,Cu,3/4,0.75,"3/4""",,,,,,,,1,,,PLA-CD-09,PLA-CD-09,Spooled,12981,2,,0.05,PLAZA LEVEL,MEP Fabrication Pipework,,MDSK_NIB_000081-0006,,,,,,,,Nibco Copper Cup,,,,,,,
89a9e7fe-b244-49c4-adeb-5412e802ece3-005ace2b,UNC Carrington Hall Phase 2,"120 Medical Drive, Chapel Hill, NC 27514",Condensate,"A, C,D",87400403,,,,2522,Fitting,Joint,AGM: Condensate Drain (CD),CD,,Soldered Joint,Wrot,,Joint,BIMrxDBS,Copper,Cu,3/4,0.75,"3/4""",0.75,,,,,,,1,,,PLA-CD-09,PLA-CD-09,Spooled,12981,,,,PLAZA LEVEL,MEP Fabrication Pipework,,MDSK_JOINT_000036-0005,,,,,,,,Generic Soldered Joint (C1) (Male),Generic Soldered Joint (C2) (Female),,,,,,
89a9e7fe-b244-49c4-adeb-5412e802ece3-005acf31,UNC Carrington Hall Phase 2,"120 Medical Drive, Chapel Hill, NC 27514",Condensate,"A, C,D",87400403,,,,2522,Fitting,Joint,AGM: Condensate Drain (CD),CD,,Soldered Joint,Wrot,,Joint,BIMrxDBS,Copper,Cu,3/4,0.75,"3/4""",0.75,,,,,,,1,,,PLA-CD-07,PLA-CD-07,Spooled,12981,,,,PLAZA LEVEL,MEP Fabrication Pipework,,MDSK_JOINT_000036-0005,,,,,,,,Generic Soldered Joint (C1) (Male),Generic Soldered Joint (C2) (Female),,,,,,
89a9e7fe-b244-49c4-adeb-5412e802ece3-005acf33,UNC Carrington Hall Phase 2,"120 Medical Drive, Chapel Hill, NC 27514",Condensate,"A, C,D",87400403,,,,2522,Fitting,Pipework,AGM: Condensate Drain (CD),CD,,600-RS Coupling with Rolled Tube Stop C x C - Wrot,Wrot,,Nibco,BIMrxDBS,Copper,Cu,3/4,0.75,"3/4""",0.75,,,,,,,1,,,PLA-CD-07,PLA-CD-07,Spooled,12981,2,,0.06,PLAZA LEVEL,MEP Fabrication Pipework,,MDSK_NIB_000060-0008,,,,,,,,Nibco Copper Cup (Coupling),Nibco Copper Cup (Coupling),,,,,,
89a9e7fe-b244-49c4-adeb-5412e802ece3-005acf36,UNC Carrington Hall Phase 2,"120 Medical Drive, Chapel Hill, NC 27514",Condensate,"A, C,D",87400403,,,,2522,Fitting,Joint,AGM: Condensate Drain (CD),CD,,Soldered Joint,Wrot,,Joint,BIMrxDBS,Copper,Cu,3/4,0.75,"3/4""",0.75,,,,,,,1,,,,,Spooled,12981,,,,PLAZA LEVEL,MEP Fabrication Pipework,,MDSK_JOINT_000036-0005,,,,,,,,Generic Soldered Joint (C2) (Female),Generic Soldered Joint (C1) (Male),,,,,,
89a9e7fe-b244-49c4-adeb-5412e802ece3-005acf38,UNC Carrington Hall Phase 2,"120 Medical Drive, Chapel Hill, NC 27514",Condensate,"A, C,D",87400403,,,,2041,Straight,Pipework,AGM: Condensate Drain (CD),CD,,Pipe - B88 Copper Type M,Type M,,(Generic),BIMrxDBS,Copper,Cu,3/4,0.75,"3/4""",0.75,,,,,"0' - 3 1/8""",0.261,1,,,PLA-CD-05,PLA-CD-05,Spooled,12981,2,,0.09,PLAZA LEVEL,MEP Fabrication Pipework,,MDSK_GEN_000402-0003,,,,,,,,Generic Copper Plain End (Pipe),Generic Copper Plain End (Pipe),,,,,,
89a9e7fe-b244-49c4-adeb-5412e802ece3-005acfe4,UNC Carrington Hall Phase 2,"120 Medical Drive, Chapel Hill, NC 27514",Condensate,"A, C,D",87400403,,,,2522,Fitting,Joint,AGM: Condensate Drain (CD),CD,,Soldered Joint,Wrot,,Joint,BIMrxDBS,Copper,Cu,1-1/2,1.5,"1 1/2""",1.5,,,,,,,1,,,PLC-CD-06,PLC-CD-06,Spooled,12981,,,,PLAZA LEVEL,MEP Fabrication Pipework,,MDSK_JOINT_000036-0008,,,,,,,,Generic Soldered Joint (C2) (Female),Generic Soldered Joint (C1) (Male),,,,,,
